scan_id,scan_key,session,session_id,variety,label,member,n_patches
0,Data-VIS-20170111-1-room-light-off/BC15-01,Data-VIS-20170111-1-room-light-off,0,BC15,0,RGB and VIS-NIR HSI Data for 90 Rice Seed Varieties/Data-VIS-20170111-1-room-light-off/BC15-01.hdr,48
1,Data-VIS-20170111-1-room-light-off/BC15-02,Data-VIS-20170111-1-room-light-off,0,BC15,0,RGB and VIS-NIR HSI Data for 90 Rice Seed Varieties/Data-VIS-20170111-1-room-light-off/BC15-02.hdr,48
2,Data-VIS-20170111-1-room-light-off/CT286-01,Data-VIS-20170111-1-room-light-off,0,CT286,1,RGB and VIS-NIR HSI Data for 90 Rice Seed Varieties/Data-VIS-20170111-1-room-light-off/CT286-01.hdr,48
3,Data-VIS-20170111-1-room-light-off/CT286-02,Data-VIS-20170111-1-room-light-off,0,CT286,1,RGB and VIS-NIR HSI Data for 90 Rice Seed Varieties/Data-VIS-20170111-1-room-light-off/CT286-02.hdr,48
4,Data-VIS-20170111-1-room-light-off/CH12-01,Data-VIS-20170111-1-room-light-off,0,CH12,2,RGB and VIS-NIR HSI Data for 90 Rice Seed Varieties/Data-VIS-20170111-1-room-light-off/CH12-01.hdr,48
5,Data-VIS-20170111-1-room-light-off/CH12-02,Data-VIS-20170111-1-room-light-off,0,CH12,2,RGB and VIS-NIR HSI Data for 90 Rice Seed Varieties/Data-VIS-20170111-1-room-light-off/CH12-02.hdr,48
6,Data-VIS-20170111-1-room-light-off/NepCoTien-01,Data-VIS-20170111-1-room-light-off,0,NepCoTien,3,RGB and VIS-NIR HSI Data for 90 Rice Seed Varieties/Data-VIS-20170111-1-room-light-off/NepCoTien-01.hdr,48
7,Data-VIS-20170111-1-room-light-off/NepCoTien-02,Data-VIS-20170111-1-room-light-off,0,NepCoTien,3,RGB and VIS-NIR HSI Data for 90 Rice Seed Varieties/Data-VIS-20170111-1-room-light-off/NepCoTien-02.hdr,48
8,Data-VIS-20170111-1-room-light-off/NepThomBacHai-01,Data-VIS-20170111-1-room-light-off,0,NepThomBacHai,4,RGB and VIS-NIR HSI Data for 90 Rice Seed Varieties/Data-VIS-20170111-1-room-light-off/NepThomBacHai-01.hdr,48
9,Data-VIS-20170111-2-room-light-off/AH1000-01,Data-VIS-20170111-2-room-light-off,1,AH1000,5,RGB and VIS-NIR HSI Data for 90 Rice Seed Varieties/Data-VIS-20170111-2-room-light-off/AH1000-01.hdr,45
10,Data-VIS-20170111-2-room-light-off/AH1000-02,Data-VIS-20170111-2-room-light-off,1,AH1000,5,RGB and VIS-NIR HSI Data for 90 Rice Seed Varieties/Data-VIS-20170111-2-room-light-off/AH1000-02.hdr,46
11,Data-VIS-20170111-2-room-light-off/HaPhat28-01,Data-VIS-20170111-2-room-light-off,1,HaPhat28,6,RGB and VIS-NIR HSI Data for 90 Rice Seed Varieties/Data-VIS-20170111-2-room-light-off/HaPhat28-01.hdr,48
12,Data-VIS-20170111-2-room-light-off/HaPhat28-02,Data-VIS-20170111-2-room-light-off,1,HaPhat28,6,RGB and VIS-NIR HSI Data for 90 Rice Seed Varieties/Data-VIS-20170111-2-room-light-off/HaPhat28-02.hdr,48
13,Data-VIS-20170111-2-room-light-off/KhangDan18-02,Data-VIS-20170111-2-room-light-off,1,KhangDan18,7,RGB and VIS-NIR HSI Data for 90 Rice Seed Varieties/Data-VIS-20170111-2-room-light-off/KhangDan18-02.hdr,48
14,Data-VIS-20170111-2-room-light-off/LocTroi183-01,Data-VIS-20170111-2-room-light-off,1,LocTroi183,8,RGB and VIS-NIR HSI Data for 90 Rice Seed Varieties/Data-VIS-20170111-2-room-light-off/LocTroi183-01.hdr,48
15,Data-VIS-20170111-2-room-light-off/LocTroi183-02,Data-VIS-20170111-2-room-light-off,1,LocTroi183,8,RGB and VIS-NIR HSI Data for 90 Rice Seed Varieties/Data-VIS-20170111-2-room-light-off/LocTroi183-02.hdr,48
16,Data-VIS-20170111-2-room-light-off/LTH35-01,Data-VIS-20170111-2-room-light-off,1,LTH35,9,RGB and VIS-NIR HSI Data for 90 Rice Seed Varieties/Data-VIS-20170111-2-room-light-off/LTH35-01.hdr,48
17,Data-VIS-20170111-2-room-light-off/LTH35-02,Data-VIS-20170111-2-room-light-off,1,LTH35,9,RGB and VIS-NIR HSI Data for 90 Rice Seed Varieties/Data-VIS-20170111-2-room-light-off/LTH35-02.hdr,48
18,Data-VIS-20170111-2-room-light-off/NC7-01,Data-VIS-20170111-2-room-light-off,1,NC7,10,RGB and VIS-NIR HSI Data for 90 Rice Seed Varieties/Data-VIS-20170111-2-room-light-off/NC7-01.hdr,48
19,Data-VIS-20170111-2-room-light-off/NC7-02,Data-VIS-20170111-2-room-light-off,1,NC7,10,RGB and VIS-NIR HSI Data for 90 Rice Seed Varieties/Data-VIS-20170111-2-room-light-off/NC7-02.hdr,48
20,Data-VIS-20170111-2-room-light-off/ND9-01,Data-VIS-20170111-2-room-light-off,1,ND9,11,RGB and VIS-NIR HSI Data for 90 Rice Seed Varieties/Data-VIS-20170111-2-room-light-off/ND9-01.hdr,48
21,Data-VIS-20170111-2-room-light-off/ND9-02,Data-VIS-20170111-2-room-light-off,1,ND9,11,RGB and VIS-NIR HSI Data for 90 Rice Seed Varieties/Data-VIS-20170111-2-room-light-off/ND9-02.hdr,48
22,Data-VIS-20170111-2-room-light-off/NDC1-02,Data-VIS-20170111-2-room-light-off,1,NDC1,12,RGB and VIS-NIR HSI Data for 90 Rice Seed Varieties/Data-VIS-20170111-2-room-light-off/NDC1-02.hdr,48
23,Data-VIS-20170111-2-room-light-off/NepKB19-01,Data-VIS-20170111-2-room-light-off,1,NepKB19,13,RGB and VIS-NIR HSI Data for 90 Rice Seed Varieties/Data-VIS-20170111-2-room-light-off/NepKB19-01.hdr,48
24,Data-VIS-20170111-2-room-light-off/NepKB19-02,Data-VIS-20170111-2-room-light-off,1,NepKB19,13,RGB and VIS-NIR HSI Data for 90 Rice Seed Varieties/Data-VIS-20170111-2-room-light-off/NepKB19-02.hdr,48
25,Data-VIS-20170111-2-room-light-off/NM14-2-01,Data-VIS-20170111-2-room-light-off,1,NM14-2,14,RGB and VIS-NIR HSI Data for 90 Rice Seed Varieties/Data-VIS-20170111-2-room-light-off/NM14-2-01.hdr,47
26,Data-VIS-20170111-2-room-light-off/NM14-2-02,Data-VIS-20170111-2-room-light-off,1,NM14-2,14,RGB and VIS-NIR HSI Data for 90 Rice Seed Varieties/Data-VIS-20170111-2-room-light-off/NM14-2-02.hdr,48
27,Data-VIS-20170111-2-room-light-off/NV1-01,Data-VIS-20170111-2-room-light-off,1,NV1,15,RGB and VIS-NIR HSI Data for 90 Rice Seed Varieties/Data-VIS-20170111-2-room-light-off/NV1-01.hdr,48
28,Data-VIS-20170111-2-room-light-off/NV1-02,Data-VIS-20170111-2-room-light-off,1,NV1,15,RGB and VIS-NIR HSI Data for 90 Rice Seed Varieties/Data-VIS-20170111-2-room-light-off/NV1-02.hdr,48
29,Data-VIS-20170111-2-room-light-off/R068-01,Data-VIS-20170111-2-room-light-off,1,R068,16,RGB and VIS-NIR HSI Data for 90 Rice Seed Varieties/Data-VIS-20170111-2-room-light-off/R068-01.hdr,48
30,Data-VIS-20170111-2-room-light-off/R068-02,Data-VIS-20170111-2-room-light-off,1,R068,16,RGB and VIS-NIR HSI Data for 90 Rice Seed Varieties/Data-VIS-20170111-2-room-light-off/R068-02.hdr,48
31,Data-VIS-20170111-2-room-light-off/R998KBL-01,Data-VIS-20170111-2-room-light-off,1,R998KBL,17,RGB and VIS-NIR HSI Data for 90 Rice Seed Varieties/Data-VIS-20170111-2-room-light-off/R998KBL-01.hdr,48
32,Data-VIS-20170111-2-room-light-off/R998KBL-02,Data-VIS-20170111-2-room-light-off,1,R998KBL,17,RGB and VIS-NIR HSI Data for 90 Rice Seed Varieties/Data-VIS-20170111-2-room-light-off/R998KBL-02.hdr,48
33,Data-VIS-20170111-2-room-light-off/VietHuong8-01,Data-VIS-20170111-2-room-light-off,1,VietHuong8,18,RGB and VIS-NIR HSI Data for 90 Rice Seed Varieties/Data-VIS-20170111-2-room-light-off/VietHuong8-01.hdr,48
34,Data-VIS-20170111-2-room-light-off/VietHuong8-02,Data-VIS-20170111-2-room-light-off,1,VietHuong8,18,RGB and VIS-NIR HSI Data for 90 Rice Seed Varieties/Data-VIS-20170111-2-room-light-off/VietHuong8-02.hdr,48
35,Data-VIS-20170111-2-room-light-off/VS5-01,Data-VIS-20170111-2-room-light-off,1,VS5,19,RGB and VIS-NIR HSI Data for 90 Rice Seed Varieties/Data-VIS-20170111-2-room-light-off/VS5-01.hdr,48
36,Data-VIS-20170111-2-room-light-off/VS5-02,Data-VIS-20170111-2-room-light-off,1,VS5,19,RGB and VIS-NIR HSI Data for 90 Rice Seed Varieties/Data-VIS-20170111-2-room-light-off/VS5-02.hdr,48
37,Data-VIS-20170112-1-room-light-off/91RH-01,Data-VIS-20170112-1-room-light-off,2,91RH,20,RGB and VIS-NIR HSI Data for 90 Rice Seed Varieties/Data-VIS-20170112-1-room-light-off/91RH-01.hdr,48
38,Data-VIS-20170112-1-room-light-off/91RH-02,Data-VIS-20170112-1-room-light-off,2,91RH,20,RGB and VIS-NIR HSI Data for 90 Rice Seed Varieties/Data-VIS-20170112-1-room-light-off/91RH-02.hdr,48
39,Data-VIS-20170112-1-room-light-off/CL61-01,Data-VIS-20170112-1-room-light-off,2,CL61,21,RGB and VIS-NIR HSI Data for 90 Rice Seed Varieties/Data-VIS-20170112-1-room-light-off/CL61-01.hdr,48
40,Data-VIS-20170112-1-room-light-off/CL61-02,Data-VIS-20170112-1-room-light-off,2,CL61,21,RGB and VIS-NIR HSI Data for 90 Rice Seed Varieties/Data-VIS-20170112-1-room-light-off/CL61-02.hdr,48
41,Data-VIS-20170112-1-room-light-off/DTH155-01,Data-VIS-20170112-1-room-light-off,2,DTH155,22,RGB and VIS-NIR HSI Data for 90 Rice Seed Varieties/Data-VIS-20170112-1-room-light-off/DTH155-01.hdr,48
42,Data-VIS-20170112-1-room-light-off/DTL2-01,Data-VIS-20170112-1-room-light-off,2,DTL2,23,RGB and VIS-NIR HSI Data for 90 Rice Seed Varieties/Data-VIS-20170112-1-room-light-off/DTL2-01.hdr,48
43,Data-VIS-20170112-1-room-light-off/DTL2-02,Data-VIS-20170112-1-room-light-off,2,DTL2,23,RGB and VIS-NIR HSI Data for 90 Rice Seed Varieties/Data-VIS-20170112-1-room-light-off/DTL2-02.hdr,48
44,Data-VIS-20170112-1-room-light-off/HoangLong-01,Data-VIS-20170112-1-room-light-off,2,HoangLong,24,RGB and VIS-NIR HSI Data for 90 Rice Seed Varieties/Data-VIS-20170112-1-room-light-off/HoangLong-01.hdr,48
45,Data-VIS-20170112-1-room-light-off/HoangLong-02,Data-VIS-20170112-1-room-light-off,2,HoangLong,24,RGB and VIS-NIR HSI Data for 90 Rice Seed Varieties/Data-VIS-20170112-1-room-light-off/HoangLong-02.hdr,48
46,Data-VIS-20170112-1-room-light-off/HongQuang15-01,Data-VIS-20170112-1-room-light-off,2,HongQuang15,25,RGB and VIS-NIR HSI Data for 90 Rice Seed Varieties/Data-VIS-20170112-1-room-light-off/HongQuang15-01.hdr,48
47,Data-VIS-20170112-1-room-light-off/HongQuang15-02,Data-VIS-20170112-1-room-light-off,2,HongQuang15,25,RGB and VIS-NIR HSI Data for 90 Rice Seed Varieties/Data-VIS-20170112-1-room-light-off/HongQuang15-02.hdr,48
48,Data-VIS-20170112-1-room-light-off/KL25-01,Data-VIS-20170112-1-room-light-off,2,KL25,26,RGB and VIS-NIR HSI Data for 90 Rice Seed Varieties/Data-VIS-20170112-1-room-light-off/KL25-01.hdr,48
49,Data-VIS-20170112-1-room-light-off/KL25-02,Data-VIS-20170112-1-room-light-off,2,KL25,26,RGB and VIS-NIR HSI Data for 90 Rice Seed Varieties/Data-VIS-20170112-1-room-light-off/KL25-02.hdr,48
50,Data-VIS-20170112-1-room-light-off/LDA8-01,Data-VIS-20170112-1-room-light-off,2,LDA8,27,RGB and VIS-NIR HSI Data for 90 Rice Seed Varieties/Data-VIS-20170112-1-room-light-off/LDA8-01.hdr,48
51,Data-VIS-20170112-1-room-light-off/LDA8-02,Data-VIS-20170112-1-room-light-off,2,LDA8,27,RGB and VIS-NIR HSI Data for 90 Rice Seed Varieties/Data-VIS-20170112-1-room-light-off/LDA8-02.hdr,48
52,Data-VIS-20170112-1-room-light-off/N54-01,Data-VIS-20170112-1-room-light-off,2,N54,28,RGB and VIS-NIR HSI Data for 90 Rice Seed Varieties/Data-VIS-20170112-1-room-light-off/N54-01.hdr,48
53,Data-VIS-20170112-1-room-light-off/N54-02,Data-VIS-20170112-1-room-light-off,2,N54,28,RGB and VIS-NIR HSI Data for 90 Rice Seed Varieties/Data-VIS-20170112-1-room-light-off/N54-02.hdr,48
54,Data-VIS-20170112-1-room-light-off/N98-01,Data-VIS-20170112-1-room-light-off,2,N98,29,RGB and VIS-NIR HSI Data for 90 Rice Seed Varieties/Data-VIS-20170112-1-room-light-off/N98-01.hdr,48
55,Data-VIS-20170112-1-room-light-off/N98-02,Data-VIS-20170112-1-room-light-off,2,N98,29,RGB and VIS-NIR HSI Data for 90 Rice Seed Varieties/Data-VIS-20170112-1-room-light-off/N98-02.hdr,48
56,Data-VIS-20170112-1-room-light-off/NBP-01,Data-VIS-20170112-1-room-light-off,2,NBP,30,RGB and VIS-NIR HSI Data for 90 Rice Seed Varieties/Data-VIS-20170112-1-room-light-off/NBP-01.hdr,48
57,Data-VIS-20170112-1-room-light-off/NBP-02,Data-VIS-20170112-1-room-light-off,2,NBP,30,RGB and VIS-NIR HSI Data for 90 Rice Seed Varieties/Data-VIS-20170112-1-room-light-off/NBP-02.hdr,48
58,Data-VIS-20170112-1-room-light-off/NTP-01,Data-VIS-20170112-1-room-light-off,2,NTP,31,RGB and VIS-NIR HSI Data for 90 Rice Seed Varieties/Data-VIS-20170112-1-room-light-off/NTP-01.hdr,48
59,Data-VIS-20170112-1-room-light-off/NTP-02,Data-VIS-20170112-1-room-light-off,2,NTP,31,RGB and VIS-NIR HSI Data for 90 Rice Seed Varieties/Data-VIS-20170112-1-room-light-off/NTP-02.hdr,48
60,Data-VIS-20170112-1-room-light-off/PD211-01,Data-VIS-20170112-1-room-light-off,2,PD211,32,RGB and VIS-NIR HSI Data for 90 Rice Seed Varieties/Data-VIS-20170112-1-room-light-off/PD211-01.hdr,48
61,Data-VIS-20170112-1-room-light-off/PD211-02,Data-VIS-20170112-1-room-light-off,2,PD211,32,RGB and VIS-NIR HSI Data for 90 Rice Seed Varieties/Data-VIS-20170112-1-room-light-off/PD211-02.hdr,48
62,Data-VIS-20170112-1-room-light-off/VS6-01,Data-VIS-20170112-1-room-light-off,2,VS6,33,RGB and VIS-NIR HSI Data for 90 Rice Seed Varieties/Data-VIS-20170112-1-room-light-off/VS6-01.hdr,48
63,Data-VIS-20170112-1-room-light-off/VS6-02,Data-VIS-20170112-1-room-light-off,2,VS6,33,RGB and VIS-NIR HSI Data for 90 Rice Seed Varieties/Data-VIS-20170112-1-room-light-off/VS6-02.hdr,48
64,Data-VIS-20170112-2-room-light-off/A128-01,Data-VIS-20170112-2-room-light-off,3,A128,34,RGB and VIS-NIR HSI Data for 90 Rice Seed Varieties/Data-VIS-20170112-2-room-light-off/A128-01.hdr,48
65,Data-VIS-20170112-2-room-light-off/A128-02,Data-VIS-20170112-2-room-light-off,3,A128,34,RGB and VIS-NIR HSI Data for 90 Rice Seed Varieties/Data-VIS-20170112-2-room-light-off/A128-02.hdr,48
66,Data-VIS-20170112-2-room-light-off/BT6-01,Data-VIS-20170112-2-room-light-off,3,BT6,35,RGB and VIS-NIR HSI Data for 90 Rice Seed Varieties/Data-VIS-20170112-2-room-light-off/BT6-01.hdr,48
67,Data-VIS-20170112-2-room-light-off/BT6-02,Data-VIS-20170112-2-room-light-off,3,BT6,35,RGB and VIS-NIR HSI Data for 90 Rice Seed Varieties/Data-VIS-20170112-2-room-light-off/BT6-02.hdr,48
68,Data-VIS-20170112-2-room-light-off/KB6-01,Data-VIS-20170112-2-room-light-off,3,KB6,36,RGB and VIS-NIR HSI Data for 90 Rice Seed Varieties/Data-VIS-20170112-2-room-light-off/KB6-01.hdr,48
69,Data-VIS-20170112-2-room-light-off/KB6-02,Data-VIS-20170112-2-room-light-off,3,KB6,36,RGB and VIS-NIR HSI Data for 90 Rice Seed Varieties/Data-VIS-20170112-2-room-light-off/KB6-02.hdr,48
70,Data-VIS-20170112-2-room-light-off/KimCuong111-01,Data-VIS-20170112-2-room-light-off,3,KimCuong111,37,RGB and VIS-NIR HSI Data for 90 Rice Seed Varieties/Data-VIS-20170112-2-room-light-off/KimCuong111-01.hdr,48
71,Data-VIS-20170112-2-room-light-off/KimCuong111-02,Data-VIS-20170112-2-room-light-off,3,KimCuong111,37,RGB and VIS-NIR HSI Data for 90 Rice Seed Varieties/Data-VIS-20170112-2-room-light-off/KimCuong111-02.hdr,48
72,Data-VIS-20170112-2-room-light-off/MT15-1-02,Data-VIS-20170112-2-room-light-off,3,MT15-1,38,RGB and VIS-NIR HSI Data for 90 Rice Seed Varieties/Data-VIS-20170112-2-room-light-off/MT15-1-02.hdr,48
73,Data-VIS-20170112-2-room-light-off/SHPT1-01,Data-VIS-20170112-2-room-light-off,3,SHPT1,39,RGB and VIS-NIR HSI Data for 90 Rice Seed Varieties/Data-VIS-20170112-2-room-light-off/SHPT1-01.hdr,48
74,Data-VIS-20170112-2-room-light-off/SHPT1-02,Data-VIS-20170112-2-room-light-off,3,SHPT1,39,RGB and VIS-NIR HSI Data for 90 Rice Seed Varieties/Data-VIS-20170112-2-room-light-off/SHPT1-02.hdr,48
75,Data-VIS-20170112-2-room-light-off/SVN1-01,Data-VIS-20170112-2-room-light-off,3,SVN1,40,RGB and VIS-NIR HSI Data for 90 Rice Seed Varieties/Data-VIS-20170112-2-room-light-off/SVN1-01.hdr,48
76,Data-VIS-20170112-2-room-light-off/SVN1-02,Data-VIS-20170112-2-room-light-off,3,SVN1,40,RGB and VIS-NIR HSI Data for 90 Rice Seed Varieties/Data-VIS-20170112-2-room-light-off/SVN1-02.hdr,48
77,Data-VIS-20170112-2-room-light-off/TB13-01,Data-VIS-20170112-2-room-light-off,3,TB13,41,RGB and VIS-NIR HSI Data for 90 Rice Seed Varieties/Data-VIS-20170112-2-room-light-off/TB13-01.hdr,48
78,Data-VIS-20170112-2-room-light-off/TB13-02,Data-VIS-20170112-2-room-light-off,3,TB13,41,RGB and VIS-NIR HSI Data for 90 Rice Seed Varieties/Data-VIS-20170112-2-room-light-off/TB13-02.hdr,48
79,Data-VIS-20170112-2-room-light-off/ThuanViet2-01,Data-VIS-20170112-2-room-light-off,3,ThuanViet2,42,RGB and VIS-NIR HSI Data for 90 Rice Seed Varieties/Data-VIS-20170112-2-room-light-off/ThuanViet2-01.hdr,48
80,Data-VIS-20170112-2-room-light-off/ThuanViet2-02,Data-VIS-20170112-2-room-light-off,3,ThuanViet2,42,RGB and VIS-NIR HSI Data for 90 Rice Seed Varieties/Data-VIS-20170112-2-room-light-off/ThuanViet2-02.hdr,48
81,Data-VIS-20170113-1-room-light-off/BacThomSo7-01,Data-VIS-20170113-1-room-light-off,4,BacThomSo7,43,RGB and VIS-NIR HSI Data for 90 Rice Seed Varieties/Data-VIS-20170113-1-room-light-off/BacThomSo7-01.hdr,48
82,Data-VIS-20170113-1-room-light-off/BacThomSo7-02,Data-VIS-20170113-1-room-light-off,4,BacThomSo7,43,RGB and VIS-NIR HSI Data for 90 Rice Seed Varieties/Data-VIS-20170113-1-room-light-off/BacThomSo7-02.hdr,48
83,Data-VIS-20170113-1-room-light-off/CTX30-01,Data-VIS-20170113-1-room-light-off,4,CTX30,44,RGB and VIS-NIR HSI Data for 90 Rice Seed Varieties/Data-VIS-20170113-1-room-light-off/CTX30-01.hdr,48
84,Data-VIS-20170113-1-room-light-off/CTX30-02,Data-VIS-20170113-1-room-light-off,4,CTX30,44,RGB and VIS-NIR HSI Data for 90 Rice Seed Varieties/Data-VIS-20170113-1-room-light-off/CTX30-02.hdr,48
85,Data-VIS-20170113-1-room-light-off/DMV58-02,Data-VIS-20170113-1-room-light-off,4,DMV58,45,RGB and VIS-NIR HSI Data for 90 Rice Seed Varieties/Data-VIS-20170113-1-room-light-off/DMV58-02.hdr,47
86,Data-VIS-20170113-1-room-light-off/H229-01,Data-VIS-20170113-1-room-light-off,4,H229,46,RGB and VIS-NIR HSI Data for 90 Rice Seed Varieties/Data-VIS-20170113-1-room-light-off/H229-01.hdr,48
87,Data-VIS-20170113-1-room-light-off/H229-02,Data-VIS-20170113-1-room-light-off,4,H229,46,RGB and VIS-NIR HSI Data for 90 Rice Seed Varieties/Data-VIS-20170113-1-room-light-off/H229-02.hdr,48
88,Data-VIS-20170113-1-room-light-off/HaNa39-01,Data-VIS-20170113-1-room-light-off,4,HaNa39,47,RGB and VIS-NIR HSI Data for 90 Rice Seed Varieties/Data-VIS-20170113-1-room-light-off/HaNa39-01.hdr,48
89,Data-VIS-20170113-1-room-light-off/HaNa39-02,Data-VIS-20170113-1-room-light-off,4,HaNa39,47,RGB and VIS-NIR HSI Data for 90 Rice Seed Varieties/Data-VIS-20170113-1-room-light-off/HaNa39-02.hdr,48
90,Data-VIS-20170113-1-room-light-off/HS1-01,Data-VIS-20170113-1-room-light-off,4,HS1,48,RGB and VIS-NIR HSI Data for 90 Rice Seed Varieties/Data-VIS-20170113-1-room-light-off/HS1-01.hdr,48
91,Data-VIS-20170113-1-room-light-off/HS1-02,Data-VIS-20170113-1-room-light-off,4,HS1,48,RGB and VIS-NIR HSI Data for 90 Rice Seed Varieties/Data-VIS-20170113-1-room-light-off/HS1-02.hdr,48
92,Data-VIS-20170113-1-room-light-off/KB16-01,Data-VIS-20170113-1-room-light-off,4,KB16,49,RGB and VIS-NIR HSI Data for 90 Rice Seed Varieties/Data-VIS-20170113-1-room-light-off/KB16-01.hdr,48
93,Data-VIS-20170113-1-room-light-off/KB16-02,Data-VIS-20170113-1-room-light-off,4,KB16,49,RGB and VIS-NIR HSI Data for 90 Rice Seed Varieties/Data-VIS-20170113-1-room-light-off/KB16-02.hdr,48
94,Data-VIS-20170113-1-room-light-off/N97-01,Data-VIS-20170113-1-room-light-off,4,N97,50,RGB and VIS-NIR HSI Data for 90 Rice Seed Varieties/Data-VIS-20170113-1-room-light-off/N97-01.hdr,48
95,Data-VIS-20170113-1-room-light-off/N97-02,Data-VIS-20170113-1-room-light-off,4,N97,50,RGB and VIS-NIR HSI Data for 90 Rice Seed Varieties/Data-VIS-20170113-1-room-light-off/N97-02.hdr,48
96,Data-VIS-20170113-1-room-light-off/NBK-01,Data-VIS-20170113-1-room-light-off,4,NBK,51,RGB and VIS-NIR HSI Data for 90 Rice Seed Varieties/Data-VIS-20170113-1-room-light-off/NBK-01.hdr,48
97,Data-VIS-20170113-1-room-light-off/NBK-02,Data-VIS-20170113-1-room-light-off,4,NBK,51,RGB and VIS-NIR HSI Data for 90 Rice Seed Varieties/Data-VIS-20170113-1-room-light-off/NBK-02.hdr,48
98,Data-VIS-20170113-1-room-light-off/NPT1-01,Data-VIS-20170113-1-room-light-off,4,NPT1,52,RGB and VIS-NIR HSI Data for 90 Rice Seed Varieties/Data-VIS-20170113-1-room-light-off/NPT1-01.hdr,48
99,Data-VIS-20170113-1-room-light-off/NPT1-02,Data-VIS-20170113-1-room-light-off,4,NPT1,52,RGB and VIS-NIR HSI Data for 90 Rice Seed Varieties/Data-VIS-20170113-1-room-light-off/NPT1-02.hdr,48
100,Data-VIS-20170113-1-room-light-off/NPT3-01,Data-VIS-20170113-1-room-light-off,4,NPT3,53,RGB and VIS-NIR HSI Data for 90 Rice Seed Varieties/Data-VIS-20170113-1-room-light-off/NPT3-01.hdr,48
101,Data-VIS-20170113-1-room-light-off/NPT3-02,Data-VIS-20170113-1-room-light-off,4,NPT3,53,RGB and VIS-NIR HSI Data for 90 Rice Seed Varieties/Data-VIS-20170113-1-room-light-off/NPT3-02.hdr,46
102,Data-VIS-20170113-1-room-light-off/TB14-01,Data-VIS-20170113-1-room-light-off,4,TB14,54,RGB and VIS-NIR HSI Data for 90 Rice Seed Varieties/Data-VIS-20170113-1-room-light-off/TB14-01.hdr,48
103,Data-VIS-20170113-1-room-light-off/TB14-02,Data-VIS-20170113-1-room-light-off,4,TB14,54,RGB and VIS-NIR HSI Data for 90 Rice Seed Varieties/Data-VIS-20170113-1-room-light-off/TB14-02.hdr,48
104,Data-VIS-20170113-1-room-light-off/TQ14-01,Data-VIS-20170113-1-room-light-off,4,TQ14,55,RGB and VIS-NIR HSI Data for 90 Rice Seed Varieties/Data-VIS-20170113-1-room-light-off/TQ14-01.hdr,48
105,Data-VIS-20170113-1-room-light-off/TQ14-02,Data-VIS-20170113-1-room-light-off,4,TQ14,55,RGB and VIS-NIR HSI Data for 90 Rice Seed Varieties/Data-VIS-20170113-1-room-light-off/TQ14-02.hdr,48
106,Data-VIS-20170113-1-room-light-off/TQ36-01,Data-VIS-20170113-1-room-light-off,4,TQ36,56,RGB and VIS-NIR HSI Data for 90 Rice Seed Varieties/Data-VIS-20170113-1-room-light-off/TQ36-01.hdr,48
107,Data-VIS-20170113-1-room-light-off/TQ36-02,Data-VIS-20170113-1-room-light-off,4,TQ36,56,RGB and VIS-NIR HSI Data for 90 Rice Seed Varieties/Data-VIS-20170113-1-room-light-off/TQ36-02.hdr,48
108,Data-VIS-20170113-2-room-light-off/9d-01,Data-VIS-20170113-2-room-light-off,5,9d,57,RGB and VIS-NIR HSI Data for 90 Rice Seed Varieties/Data-VIS-20170113-2-room-light-off/9d-01.hdr,48
109,Data-VIS-20170113-2-room-light-off/9d-02,Data-VIS-20170113-2-room-light-off,5,9d,57,RGB and VIS-NIR HSI Data for 90 Rice Seed Varieties/Data-VIS-20170113-2-room-light-off/9d-02.hdr,46
110,Data-VIS-20170113-2-room-light-off/BQ10-01,Data-VIS-20170113-2-room-light-off,5,BQ10,58,RGB and VIS-NIR HSI Data for 90 Rice Seed Varieties/Data-VIS-20170113-2-room-light-off/BQ10-01.hdr,48
111,Data-VIS-20170113-2-room-light-off/BQ10-02,Data-VIS-20170113-2-room-light-off,5,BQ10,58,RGB and VIS-NIR HSI Data for 90 Rice Seed Varieties/Data-VIS-20170113-2-room-light-off/BQ10-02.hdr,48
112,Data-VIS-20170113-2-room-light-off/CNC12-01,Data-VIS-20170113-2-room-light-off,5,CNC12,59,RGB and VIS-NIR HSI Data for 90 Rice Seed Varieties/Data-VIS-20170113-2-room-light-off/CNC12-01.hdr,48
113,Data-VIS-20170113-2-room-light-off/DaiThom8-02,Data-VIS-20170113-2-room-light-off,5,DaiThom8,60,RGB and VIS-NIR HSI Data for 90 Rice Seed Varieties/Data-VIS-20170113-2-room-light-off/DaiThom8-02.hdr,48
114,Data-VIS-20170113-2-room-light-off/DT52-01,Data-VIS-20170113-2-room-light-off,5,DT52,61,RGB and VIS-NIR HSI Data for 90 Rice Seed Varieties/Data-VIS-20170113-2-room-light-off/DT52-01.hdr,48
115,Data-VIS-20170113-2-room-light-off/HT18-01,Data-VIS-20170113-2-room-light-off,5,HT18,62,RGB and VIS-NIR HSI Data for 90 Rice Seed Varieties/Data-VIS-20170113-2-room-light-off/HT18-01.hdr,48
116,Data-VIS-20170113-2-room-light-off/HT18-02,Data-VIS-20170113-2-room-light-off,5,HT18,62,RGB and VIS-NIR HSI Data for 90 Rice Seed Varieties/Data-VIS-20170113-2-room-light-off/HT18-02.hdr,48
117,Data-VIS-20170113-2-room-light-off/HungDan1-01,Data-VIS-20170113-2-room-light-off,5,HungDan1,63,RGB and VIS-NIR HSI Data for 90 Rice Seed Varieties/Data-VIS-20170113-2-room-light-off/HungDan1-01.hdr,48
118,Data-VIS-20170113-2-room-light-off/KB27-02,Data-VIS-20170113-2-room-light-off,5,KB27,64,RGB and VIS-NIR HSI Data for 90 Rice Seed Varieties/Data-VIS-20170113-2-room-light-off/KB27-02.hdr,48
119,Data-VIS-20170113-2-room-light-off/MyHuong88-01,Data-VIS-20170113-2-room-light-off,5,MyHuong88,65,RGB and VIS-NIR HSI Data for 90 Rice Seed Varieties/Data-VIS-20170113-2-room-light-off/MyHuong88-01.hdr,48
120,Data-VIS-20170113-2-room-light-off/NBT1-01,Data-VIS-20170113-2-room-light-off,5,NBT1,66,RGB and VIS-NIR HSI Data for 90 Rice Seed Varieties/Data-VIS-20170113-2-room-light-off/NBT1-01.hdr,48
121,Data-VIS-20170113-2-room-light-off/NepHongNgoc-01,Data-VIS-20170113-2-room-light-off,5,NepHongNgoc,67,RGB and VIS-NIR HSI Data for 90 Rice Seed Varieties/Data-VIS-20170113-2-room-light-off/NepHongNgoc-01.hdr,48
122,Data-VIS-20170113-2-room-light-off/NepHongNgoc-02,Data-VIS-20170113-2-room-light-off,5,NepHongNgoc,67,RGB and VIS-NIR HSI Data for 90 Rice Seed Varieties/Data-VIS-20170113-2-room-light-off/NepHongNgoc-02.hdr,48
123,Data-VIS-20170113-2-room-light-off/NepPhatQuy-01,Data-VIS-20170113-2-room-light-off,5,NepPhatQuy,68,RGB and VIS-NIR HSI Data for 90 Rice Seed Varieties/Data-VIS-20170113-2-room-light-off/NepPhatQuy-01.hdr,48
124,Data-VIS-20170113-2-room-light-off/NepPhatQuy-02,Data-VIS-20170113-2-room-light-off,5,NepPhatQuy,68,RGB and VIS-NIR HSI Data for 90 Rice Seed Varieties/Data-VIS-20170113-2-room-light-off/NepPhatQuy-02.hdr,48
125,Data-VIS-20170113-2-room-light-off/PC10-01,Data-VIS-20170113-2-room-light-off,5,PC10,69,RGB and VIS-NIR HSI Data for 90 Rice Seed Varieties/Data-VIS-20170113-2-room-light-off/PC10-01.hdr,48
126,Data-VIS-20170113-2-room-light-off/PC10-02,Data-VIS-20170113-2-room-light-off,5,PC10,69,RGB and VIS-NIR HSI Data for 90 Rice Seed Varieties/Data-VIS-20170113-2-room-light-off/PC10-02.hdr,48
127,Data-VIS-20170113-2-room-light-off/TruongXuan1-02,Data-VIS-20170113-2-room-light-off,5,TruongXuan1,70,RGB and VIS-NIR HSI Data for 90 Rice Seed Varieties/Data-VIS-20170113-2-room-light-off/TruongXuan1-02.hdr,48
128,Data-VIS-20170113-2-room-light-off/VS1-01,Data-VIS-20170113-2-room-light-off,5,VS1,71,RGB and VIS-NIR HSI Data for 90 Rice Seed Varieties/Data-VIS-20170113-2-room-light-off/VS1-01.hdr,48
129,Data-VIS-20170116-1-room-light-off/DV108-01,Data-VIS-20170116-1-room-light-off,6,DV108,72,RGB and VIS-NIR HSI Data for 90 Rice Seed Varieties/Data-VIS-20170116-1-room-light-off/DV108-01.hdr,48
130,Data-VIS-20170116-1-room-light-off/DV108-02,Data-VIS-20170116-1-room-light-off,6,DV108,72,RGB and VIS-NIR HSI Data for 90 Rice Seed Varieties/Data-VIS-20170116-1-room-light-off/DV108-02.hdr,48
131,Data-VIS-20170116-1-room-light-off/GiaLoc301-01,Data-VIS-20170116-1-room-light-off,6,GiaLoc301,73,RGB and VIS-NIR HSI Data for 90 Rice Seed Varieties/Data-VIS-20170116-1-room-light-off/GiaLoc301-01.hdr,48
132,Data-VIS-20170116-1-room-light-off/GiaLoc301-02,Data-VIS-20170116-1-room-light-off,6,GiaLoc301,73,RGB and VIS-NIR HSI Data for 90 Rice Seed Varieties/Data-VIS-20170116-1-room-light-off/GiaLoc301-02.hdr,48
133,Data-VIS-20170116-1-room-light-off/GS55R-01,Data-VIS-20170116-1-room-light-off,6,GS55R,74,RGB and VIS-NIR HSI Data for 90 Rice Seed Varieties/Data-VIS-20170116-1-room-light-off/GS55R-01.hdr,48
134,Data-VIS-20170116-1-room-light-off/GS55R-02,Data-VIS-20170116-1-room-light-off,6,GS55R,74,RGB and VIS-NIR HSI Data for 90 Rice Seed Varieties/Data-VIS-20170116-1-room-light-off/GS55R-02.hdr,48
135,Data-VIS-20170116-1-room-light-off/TC10-01,Data-VIS-20170116-1-room-light-off,6,TC10,75,RGB and VIS-NIR HSI Data for 90 Rice Seed Varieties/Data-VIS-20170116-1-room-light-off/TC10-01.hdr,48
136,Data-VIS-20170116-1-room-light-off/TC10-02,Data-VIS-20170116-1-room-light-off,6,TC10,75,RGB and VIS-NIR HSI Data for 90 Rice Seed Varieties/Data-VIS-20170116-1-room-light-off/TC10-02.hdr,48
137,Data-VIS-20170116-1-room-light-off/TruongXuanHQ-01,Data-VIS-20170116-1-room-light-off,6,TruongXuanHQ,76,RGB and VIS-NIR HSI Data for 90 Rice Seed Varieties/Data-VIS-20170116-1-room-light-off/TruongXuanHQ-01.hdr,48
138,Data-VIS-20170116-1-room-light-off/TruongXuanHQ-02,Data-VIS-20170116-1-room-light-off,6,TruongXuanHQ,76,RGB and VIS-NIR HSI Data for 90 Rice Seed Varieties/Data-VIS-20170116-1-room-light-off/TruongXuanHQ-02.hdr,48
139,Data-VIS-20170117-1-room-light-off/CS6-01,Data-VIS-20170117-1-room-light-off,7,CS6,77,RGB and VIS-NIR HSI Data for 90 Rice Seed Varieties/Data-VIS-20170117-1-room-light-off/CS6-01.hdr,48
140,Data-VIS-20170117-1-room-light-off/CS6-02,Data-VIS-20170117-1-room-light-off,7,CS6,77,RGB and VIS-NIR HSI Data for 90 Rice Seed Varieties/Data-VIS-20170117-1-room-light-off/CS6-02.hdr,48
141,Data-VIS-20170117-1-room-light-off/DT66-02,Data-VIS-20170117-1-room-light-off,7,DT66,78,RGB and VIS-NIR HSI Data for 90 Rice Seed Varieties/Data-VIS-20170117-1-room-light-off/DT66-02.hdr,48
142,Data-VIS-20170117-1-room-light-off/NT16-02,Data-VIS-20170117-1-room-light-off,7,NT16,79,RGB and VIS-NIR HSI Data for 90 Rice Seed Varieties/Data-VIS-20170117-1-room-light-off/NT16-02.hdr,48
143,Data-VIS-20170117-1-room-light-off/TC11-2-01,Data-VIS-20170117-1-room-light-off,7,TC11-2,80,RGB and VIS-NIR HSI Data for 90 Rice Seed Varieties/Data-VIS-20170117-1-room-light-off/TC11-2-01.hdr,48
144,Data-VIS-20170117-1-room-light-off/TC11-2-02,Data-VIS-20170117-1-room-light-off,7,TC11-2,80,RGB and VIS-NIR HSI Data for 90 Rice Seed Varieties/Data-VIS-20170117-1-room-light-off/TC11-2-02.hdr,48
145,Data-VIS-20170117-1-room-light-off/VinhPhuc1-01,Data-VIS-20170117-1-room-light-off,7,VinhPhuc1,81,RGB and VIS-NIR HSI Data for 90 Rice Seed Varieties/Data-VIS-20170117-1-room-light-off/VinhPhuc1-01.hdr,48
146,Data-VIS-20170117-1-room-light-off/VinhPhuc1-02,Data-VIS-20170117-1-room-light-off,7,VinhPhuc1,81,RGB and VIS-NIR HSI Data for 90 Rice Seed Varieties/Data-VIS-20170117-1-room-light-off/VinhPhuc1-02.hdr,46
147,Data-VIS-20170203-1-room-light-off/NepThomBacHai-02,Data-VIS-20170203-1-room-light-off,8,NepThomBacHai,4,RGB and VIS-NIR HSI Data for 90 Rice Seed Varieties/Data-VIS-20170203-1-room-light-off/NepThomBacHai-02.hdr,48
148,Data-VIS-20170203-1-room-light-off/KhangDan18-01,Data-VIS-20170203-1-room-light-off,8,KhangDan18,7,RGB and VIS-NIR HSI Data for 90 Rice Seed Varieties/Data-VIS-20170203-1-room-light-off/KhangDan18-01.hdr,48
149,Data-VIS-20170203-1-room-light-off/NDC1-01,Data-VIS-20170203-1-room-light-off,8,NDC1,12,RGB and VIS-NIR HSI Data for 90 Rice Seed Varieties/Data-VIS-20170203-1-room-light-off/NDC1-01.hdr,48
150,Data-VIS-20170203-1-room-light-off/DTH155-02,Data-VIS-20170203-1-room-light-off,8,DTH155,22,RGB and VIS-NIR HSI Data for 90 Rice Seed Varieties/Data-VIS-20170203-1-room-light-off/DTH155-02.hdr,45
151,Data-VIS-20170203-1-room-light-off/MT15-1-01,Data-VIS-20170203-1-room-light-off,8,MT15-1,38,RGB and VIS-NIR HSI Data for 90 Rice Seed Varieties/Data-VIS-20170203-1-room-light-off/MT15-1-01.hdr,48
152,Data-VIS-20170203-1-room-light-off/DMV58-01,Data-VIS-20170203-1-room-light-off,8,DMV58,45,RGB and VIS-NIR HSI Data for 90 Rice Seed Varieties/Data-VIS-20170203-1-room-light-off/DMV58-01.hdr,48
153,Data-VIS-20170203-1-room-light-off/CNC12-02,Data-VIS-20170203-1-room-light-off,8,CNC12,59,RGB and VIS-NIR HSI Data for 90 Rice Seed Varieties/Data-VIS-20170203-1-room-light-off/CNC12-02.hdr,48
154,Data-VIS-20170203-1-room-light-off/DA1-01,Data-VIS-20170203-1-room-light-off,8,DA1,82,RGB and VIS-NIR HSI Data for 90 Rice Seed Varieties/Data-VIS-20170203-1-room-light-off/DA1-01.hdr,48
155,Data-VIS-20170203-1-room-light-off/DA1-02,Data-VIS-20170203-1-room-light-off,8,DA1,82,RGB and VIS-NIR HSI Data for 90 Rice Seed Varieties/Data-VIS-20170203-1-room-light-off/DA1-02.hdr,48
156,Data-VIS-20170203-1-room-light-off/DaiThom8-01,Data-VIS-20170203-1-room-light-off,8,DaiThom8,60,RGB and VIS-NIR HSI Data for 90 Rice Seed Varieties/Data-VIS-20170203-1-room-light-off/DaiThom8-01.hdr,48
157,Data-VIS-20170203-1-room-light-off/DT52-02,Data-VIS-20170203-1-room-light-off,8,DT52,61,RGB and VIS-NIR HSI Data for 90 Rice Seed Varieties/Data-VIS-20170203-1-room-light-off/DT52-02.hdr,48
158,Data-VIS-20170203-1-room-light-off/HungDan1-02,Data-VIS-20170203-1-room-light-off,8,HungDan1,63,RGB and VIS-NIR HSI Data for 90 Rice Seed Varieties/Data-VIS-20170203-1-room-light-off/HungDan1-02.hdr,48
159,Data-VIS-20170203-1-room-light-off/KB27-01,Data-VIS-20170203-1-room-light-off,8,KB27,64,RGB and VIS-NIR HSI Data for 90 Rice Seed Varieties/Data-VIS-20170203-1-room-light-off/KB27-01.hdr,48
160,Data-VIS-20170203-1-room-light-off/KN5-01,Data-VIS-20170203-1-room-light-off,8,KN5,83,RGB and VIS-NIR HSI Data for 90 Rice Seed Varieties/Data-VIS-20170203-1-room-light-off/KN5-01.hdr,48
161,Data-VIS-20170203-1-room-light-off/KN5-02,Data-VIS-20170203-1-room-light-off,8,KN5,83,RGB and VIS-NIR HSI Data for 90 Rice Seed Varieties/Data-VIS-20170203-1-room-light-off/KN5-02.hdr,48
162,Data-VIS-20170203-1-room-light-off/MyHuong88-02,Data-VIS-20170203-1-room-light-off,8,MyHuong88,65,RGB and VIS-NIR HSI Data for 90 Rice Seed Varieties/Data-VIS-20170203-1-room-light-off/MyHuong88-02.hdr,48
163,Data-VIS-20170203-1-room-light-off/NBT1-02,Data-VIS-20170203-1-room-light-off,8,NBT1,66,RGB and VIS-NIR HSI Data for 90 Rice Seed Varieties/Data-VIS-20170203-1-room-light-off/NBT1-02.hdr,48
164,Data-VIS-20170203-1-room-light-off/NC2-01,Data-VIS-20170203-1-room-light-off,8,NC2,84,RGB and VIS-NIR HSI Data for 90 Rice Seed Varieties/Data-VIS-20170203-1-room-light-off/NC2-01.hdr,48
165,Data-VIS-20170203-1-room-light-off/NC2-02,Data-VIS-20170203-1-room-light-off,8,NC2,84,RGB and VIS-NIR HSI Data for 90 Rice Seed Varieties/Data-VIS-20170203-1-room-light-off/NC2-02.hdr,48
166,Data-VIS-20170203-1-room-light-off/NepThomHungYen-01,Data-VIS-20170203-1-room-light-off,8,NepThomHungYen,85,RGB and VIS-NIR HSI Data for 90 Rice Seed Varieties/Data-VIS-20170203-1-room-light-off/NepThomHungYen-01.hdr,48
167,Data-VIS-20170203-1-room-light-off/NepThomHungYen-02,Data-VIS-20170203-1-room-light-off,8,NepThomHungYen,85,RGB and VIS-NIR HSI Data for 90 Rice Seed Varieties/Data-VIS-20170203-1-room-light-off/NepThomHungYen-02.hdr,48
168,Data-VIS-20170203-1-room-light-off/NH92-01,Data-VIS-20170203-1-room-light-off,8,NH92,86,RGB and VIS-NIR HSI Data for 90 Rice Seed Varieties/Data-VIS-20170203-1-room-light-off/NH92-01.hdr,48
169,Data-VIS-20170203-1-room-light-off/NH92-02,Data-VIS-20170203-1-room-light-off,8,NH92,86,RGB and VIS-NIR HSI Data for 90 Rice Seed Varieties/Data-VIS-20170203-1-room-light-off/NH92-02.hdr,48
170,Data-VIS-20170203-1-room-light-off/NN4B-01,Data-VIS-20170203-1-room-light-off,8,NN4B,87,RGB and VIS-NIR HSI Data for 90 Rice Seed Varieties/Data-VIS-20170203-1-room-light-off/NN4B-01.hdr,48
171,Data-VIS-20170203-1-room-light-off/NN4B-02,Data-VIS-20170203-1-room-light-off,8,NN4B,87,RGB and VIS-NIR HSI Data for 90 Rice Seed Varieties/Data-VIS-20170203-1-room-light-off/NN4B-02.hdr,48
172,Data-VIS-20170203-1-room-light-off/TruongXuan1-01,Data-VIS-20170203-1-room-light-off,8,TruongXuan1,70,RGB and VIS-NIR HSI Data for 90 Rice Seed Varieties/Data-VIS-20170203-1-room-light-off/TruongXuan1-01.hdr,48
173,Data-VIS-20170203-1-room-light-off/VietThom8-01,Data-VIS-20170203-1-room-light-off,8,VietThom8,88,RGB and VIS-NIR HSI Data for 90 Rice Seed Varieties/Data-VIS-20170203-1-room-light-off/VietThom8-01.hdr,48
174,Data-VIS-20170203-1-room-light-off/VietThom8-02,Data-VIS-20170203-1-room-light-off,8,VietThom8,88,RGB and VIS-NIR HSI Data for 90 Rice Seed Varieties/Data-VIS-20170203-1-room-light-off/VietThom8-02.hdr,48
175,Data-VIS-20170203-1-room-light-off/VS1-02,Data-VIS-20170203-1-room-light-off,8,VS1,71,RGB and VIS-NIR HSI Data for 90 Rice Seed Varieties/Data-VIS-20170203-1-room-light-off/VS1-02.hdr,48
176,Data-VIS-20170203-1-room-light-off/DT66-01,Data-VIS-20170203-1-room-light-off,8,DT66,78,RGB and VIS-NIR HSI Data for 90 Rice Seed Varieties/Data-VIS-20170203-1-room-light-off/DT66-01.hdr,48
177,Data-VIS-20170203-1-room-light-off/NepDacSanLienHoa-01,Data-VIS-20170203-1-room-light-off,8,NepDacSanLienHoa,89,RGB and VIS-NIR HSI Data for 90 Rice Seed Varieties/Data-VIS-20170203-1-room-light-off/NepDacSanLienHoa-01.hdr,48
178,Data-VIS-20170203-1-room-light-off/NepDacSanLienHoa-02,Data-VIS-20170203-1-room-light-off,8,NepDacSanLienHoa,89,RGB and VIS-NIR HSI Data for 90 Rice Seed Varieties/Data-VIS-20170203-1-room-light-off/NepDacSanLienHoa-02.hdr,48
179,Data-VIS-20170203-1-room-light-off/NT16-01,Data-VIS-20170203-1-room-light-off,8,NT16,79,RGB and VIS-NIR HSI Data for 90 Rice Seed Varieties/Data-VIS-20170203-1-room-light-off/NT16-01.hdr,48
