scan_id,row,col,nearest_hsi_component,center_distance_hsi_px,area,eccentricity,solidity,failed_gate,rgb_area
9,1,4,4,0.280770910781645,285.0,0.9703204842864781,0.9193548387096774,area,7673.0
9,2,1,12,0.15888927840104186,248.0,0.9755915860184712,0.9501915708812261,area,7477.0
9,6,2,35,0.3203465368064871,284.0,0.9580597172817785,0.9498327759197325,area,8543.0
10,3,1,18,0.21720725216893325,296.0,0.9728839248395676,0.9164086687306502,area,8571.0
10,7,1,42,0.14213934877420634,278.0,0.9625403314237821,0.936026936026936,area,8397.0
25,8,5,45,2.166180010549145,716.0,0.9784935018025207,0.8099547511312217,solidity,17488.0
85,5,3,25,1.536249817869721,515.0,0.9610468223877027,0.8498349834983498,solidity,12255.0
101,3,6,17,0.14976394901925685,291.0,0.9649239436716067,0.9356913183279743,area,7539.0
101,4,6,20,0.2988937341480867,297.0,0.96195360922751,0.922360248447205,area,7769.0
109,3,6,14,59.64850732939081,521.0,0.9591333173892191,0.9489981785063752,,14142.0
109,8,1,47,1.4873605421532554,478.0,0.9748021958100032,0.82842287694974,solidity,12906.0
146,1,2,4,26.126192438676068,1045.0,0.992609814411057,0.8081979891724671,area|solidity,13892.0
146,2,2,4,25.225269077807738,1045.0,0.992609814411057,0.8081979891724671,area|solidity,14592.0
150,4,6,19,0.7457769490448272,718.0,0.971489700966496,0.7230614300100705,solidity,19628.0
150,5,4,28,0.1629183513744325,624.0,0.9477773017936958,0.8243064729194187,solidity,17466.0
150,5,6,25,0.0708482319975694,650.0,0.9499362340088058,0.8463541666666666,solidity,18239.0
