fold,arm,f1,accuracy,same_recall,cross_recall,cross_error_session_attraction
0,hsi_tta,0.558033009862487,0.5835845119406445,0.6818170538018663,0.16299019607843135,0.5263929618768328
0,ft_vitb_tta,0.6584984510610793,0.6730813818687689,0.7695552908477269,0.2588130997079683,0.4586092715231788
0,equal_ft_vitb_tta,0.6979738420122555,0.7169023881289126,0.8214835219376614,0.2685127242386316,0.5302013422818792
0,ft_vitb_render,0.6479241000202162,0.6596336656619523,0.7527918403811794,0.26001251564455563,0.45439469320066334
0,equal_ft_vitb_render,0.6956075469189225,0.7124971017853002,0.8143860432797301,0.27583959115561124,0.5220338983050847
0,acq_vitb_tta,0.6466338812055562,0.661488523069789,0.758760174707167,0.24408114309553608,0.46915584415584416
0,equal_acq_vitb_tta,0.6936503613427019,0.7136563876651982,0.8217813182449871,0.25013037129745513,0.5270049099836334
0,acq_vitb_render,0.6467991264553629,0.6621840945977278,0.7587849910661107,0.24775761368377142,0.44861337683523655
0,equal_acq_vitb_render,0.6911896940952991,0.7115696730813819,0.8189274369664483,0.2513297872340426,0.5278688524590164
1,hsi_tta,0.5601636485878048,0.5796798886569241,0.6558223754148379,0.25416666666666665,0.57166392092257
1,ft_vitb_tta,0.6698998981988891,0.6775690095105544,0.7648321569323179,0.30351307189542487,0.4991181657848324
1,equal_ft_vitb_tta,0.6974398873787969,0.7095801438181396,0.8000349893060854,0.32205882352941173,0.5271739130434783
1,ft_vitb_render,0.6677807683935494,0.6759452563210392,0.7608552034096622,0.31217320261437914,0.4857142857142857
1,equal_ft_vitb_render,0.6991172987329496,0.7116678264903734,0.8014555938537096,0.3270424836601307,0.5255474452554745
1,acq_vitb_tta,0.6703765235256414,0.6796566921827882,0.769708307460959,0.29387254901960785,0.5113043478260869
1,equal_acq_vitb_tta,0.7009956385925992,0.7142194386453259,0.8069154744254222,0.317156862745098,0.5341726618705036
1,acq_vitb_render,0.6671133737942463,0.6771050800278358,0.7662836499267125,0.2950980392156863,0.4878048780487805
1,equal_acq_vitb_render,0.7014673942982703,0.7149153328694039,0.8057739219140065,0.325735294117647,0.5154826958105647
