design,k,macro_f1,macro_f1_sd,same_recall,cross_recall,n
additive,0,0.336482,0.0146132,0.427057,0.0379902,20
additive,1,0.342493,0.0121163,0.433895,0.0418691,20
additive,2,0.347584,0.0115903,0.439319,0.0440894,20
additive,4,0.358194,0.00919946,0.451516,0.0499054,20
additive,8,0.374699,0.00883187,0.470942,0.0592289,20
additive,16,0.406987,0.00764248,0.503012,0.0973314,20
additive,24,0.444697,0.00820486,0.534891,0.160788,20
n-matched,0,0.336482,0.0146132,0.427057,0.0379902,20
n-matched,1,0.342477,0.0124278,0.433716,0.0425077,20
n-matched,2,0.346678,0.0114685,0.43829,0.0442812,20
n-matched,4,0.357008,0.00935448,0.449712,0.050507,20
n-matched,8,0.375753,0.00815903,0.470777,0.0640123,20
n-matched,16,0.429064,0.00678236,0.512156,0.160066,20
n-matched,24,0.49688,0.0131432,0.553525,0.319873,20
