fold,seed,population,n_errors,error_rate,errors_to_own_session,chance
0,0,same,1345,0.384505,0.29145,0.119193
0,0,cross,665,0.817958,0.56391,0.148551
0,1,same,1205,0.344483,0.296266,0.118775
0,1,cross,706,0.868389,0.545326,0.147977
0,2,same,1181,0.337621,0.299746,0.118667
0,2,cross,699,0.859779,0.576538,0.147755
1,0,same,1201,0.343732,0.300583,0.118328
1,0,cross,683,0.838037,0.565154,0.138862
1,1,same,1215,0.347739,0.304527,0.119887
1,1,cross,683,0.838037,0.54612,0.136806
1,2,same,1236,0.353749,0.314725,0.121323
1,2,cross,707,0.867485,0.54314,0.138089
