arm,fold,seed,class,f1,precision,recall,support,cross_session,lda_recall
grouped,0,0,0,0.285714,0.285714,0.285714,49,False,0.104167
grouped,0,0,1,0.821053,0.829787,0.8125,48,False,0.354167
grouped,0,0,2,0.765957,0.782609,0.75,48,False,0.291667
grouped,0,0,3,0.877551,0.86,0.895833,48,False,0.479167
grouped,0,0,4,0.069767,0.078947,0.0625,48,True,0
grouped,0,0,5,0.72,0.666667,0.782609,46,False,0.326087
grouped,0,0,6,0.5,0.45,0.5625,48,False,0.104167
grouped,0,0,7,0,0,0,48,True,0
grouped,0,0,8,0.52381,0.611111,0.458333,48,False,0.6875
grouped,0,0,9,0.565217,0.590909,0.541667,48,False,0.291667
grouped,0,0,10,0.238095,0.277778,0.208333,48,False,0.270833
grouped,0,0,11,0.40708,0.353846,0.479167,48,False,0.4375
grouped,0,0,12,0,0,0,48,True,0
grouped,0,0,13,0.659091,0.725,0.604167,48,False,0.3125
grouped,0,0,14,0.742268,0.734694,0.75,48,False,0.541667
grouped,0,0,15,0.871287,0.830189,0.916667,48,False,0.9375
grouped,0,0,16,0.625,0.78125,0.520833,48,False,0.291667
grouped,0,0,17,0.593407,0.627907,0.5625,48,False,0.458333
grouped,0,0,18,0.529915,0.449275,0.645833,48,False,0.520833
grouped,0,0,19,0.524272,0.490909,0.5625,48,False,0.333333
grouped,0,0,20,0.526316,0.531915,0.520833,48,False,0.5625
grouped,0,0,21,0.627907,0.710526,0.5625,48,False,0.270833
grouped,0,0,22,0.55,0.628571,0.488889,45,True,0
grouped,0,0,23,0.632653,0.62,0.645833,48,False,0.5625
grouped,0,0,24,0.666667,0.62963,0.708333,48,False,0.354167
grouped,0,0,25,0.520833,0.520833,0.520833,48,False,0.520833
grouped,0,0,26,0.96,0.923077,1,48,False,0.791667
grouped,0,0,27,0.541667,0.541667,0.541667,48,False,0.208333
grouped,0,0,28,0.959184,0.94,0.979167,48,False,0.666667
grouped,0,0,29,0.77551,0.76,0.791667,48,False,0.5625
grouped,0,0,30,0.387755,0.38,0.395833,48,False,0.1875
grouped,0,0,31,0.916667,0.916667,0.916667,48,False,0.770833
grouped,0,0,32,0.770642,0.688525,0.875,48,False,0.270833
grouped,0,0,33,0.510638,0.521739,0.5,48,False,0.645833
grouped,0,0,34,0.626263,0.607843,0.645833,48,False,0.416667
grouped,0,0,35,0.857143,0.789474,0.9375,48,False,0.958333
grouped,0,0,36,0.76087,0.795455,0.729167,48,False,0.354167
grouped,0,0,37,0.326531,0.32,0.333333,48,False,0.354167
grouped,0,0,38,0,0,0,48,True,0
grouped,0,0,39,0.521739,0.545455,0.5,48,False,0.208333
grouped,0,0,40,0.489796,0.48,0.5,48,False,0.25
grouped,0,0,41,0.1875,0.375,0.125,48,False,0.25
grouped,0,0,42,0.357895,0.361702,0.354167,48,False,0.354167
grouped,0,0,43,0.469388,0.46,0.479167,48,False,0.229167
grouped,0,0,44,0.524272,0.490909,0.5625,48,False,0.354167
grouped,0,0,45,0,0,0,48,True,0
grouped,0,0,46,0.452381,0.527778,0.395833,48,False,0.1875
grouped,0,0,47,0.831683,0.792453,0.875,48,False,0.3125
grouped,0,0,48,0.901961,0.851852,0.958333,48,False,0.833333
grouped,0,0,49,0.084507,0.130435,0.0625,48,False,0.166667
grouped,0,0,50,0.9375,0.9375,0.9375,48,False,0.104167
grouped,0,0,51,0.10989,0.116279,0.104167,48,False,0.0833333
grouped,0,0,52,0.085106,0.086957,0.083333,48,False,0.0625
grouped,0,0,53,0.666667,0.518072,0.934783,46,False,0.456522
grouped,0,0,54,0.62069,0.692308,0.5625,48,False,0.375
grouped,0,0,55,0.531646,0.677419,0.4375,48,False,0.0416667
grouped,0,0,56,0.598131,0.542373,0.666667,48,False,0.270833
grouped,0,0,57,0.711538,0.637931,0.804348,46,False,0.23913
grouped,0,0,58,0.682353,0.783784,0.604167,48,False,0.270833
grouped,0,0,59,0.25641,0.333333,0.208333,48,True,0
grouped,0,0,60,0.382979,0.391304,0.375,48,True,0
grouped,0,0,61,0.192771,0.228571,0.166667,48,True,0
grouped,0,0,62,0.573913,0.492537,0.6875,48,False,0.3125
grouped,0,0,63,0.021978,0.023256,0.020833,48,True,0
grouped,0,0,64,0.470588,0.394366,0.583333,48,True,0
grouped,0,0,65,0.225352,0.347826,0.166667,48,True,0
grouped,0,0,66,0.05,0.0625,0.041667,48,True,0
grouped,0,0,67,0.87619,0.807018,0.958333,48,False,0.729167
grouped,0,0,68,0.762887,0.755102,0.770833,48,False,0.729167
grouped,0,0,69,0.301887,0.275862,0.333333,48,False,0
grouped,0,0,70,0.021739,0.022727,0.020833,48,True,0
grouped,0,0,71,0.114286,0.105263,0.125,48,True,0
grouped,0,0,72,0.639344,0.527027,0.8125,48,False,0.520833
grouped,0,0,73,0.347826,0.363636,0.333333,48,False,0.416667
grouped,0,0,74,0.914894,0.934783,0.895833,48,False,0.291667
grouped,0,0,75,0.866667,0.928571,0.8125,48,False,0.125
grouped,0,0,76,0.581197,0.492754,0.708333,48,False,0.708333
grouped,0,0,77,0.553191,0.565217,0.541667,48,False,0.770833
grouped,0,0,78,0.811881,0.773585,0.854167,48,True,0.625
grouped,0,0,79,0,0,0,48,True,0
grouped,0,0,80,0.388889,0.35,0.4375,48,False,0.125
grouped,0,0,81,0.437956,0.337079,0.625,48,False,0.583333
grouped,0,0,82,0.681319,0.72093,0.645833,48,False,0.520833
grouped,0,0,83,0.735632,0.820513,0.666667,48,False,0.520833
grouped,0,0,84,0.40404,0.392157,0.416667,48,False,0.416667
grouped,0,0,85,0.793103,0.676471,0.958333,48,False,0.833333
grouped,0,0,86,0.454545,0.403226,0.520833,48,False,0.208333
grouped,0,0,87,0.683333,0.569444,0.854167,48,False,0.6875
grouped,0,0,88,0.409639,0.485714,0.354167,48,False,0.166667
grouped,0,0,89,0.642202,0.57377,0.729167,48,False,0.8125
grouped,0,1,0,0.29703,0.288462,0.306122,49,False,0.104167
grouped,0,1,1,0.758621,0.647059,0.916667,48,False,0.354167
grouped,0,1,2,0.686869,0.666667,0.708333,48,False,0.291667
grouped,0,1,3,0.88,0.846154,0.916667,48,False,0.479167
grouped,0,1,4,0.023256,0.026316,0.020833,48,True,0
grouped,0,1,5,0.888889,0.909091,0.869565,46,False,0.326087
grouped,0,1,6,0.661017,0.557143,0.8125,48,False,0.104167
grouped,0,1,7,0,0,0,48,True,0
grouped,0,1,8,0.693878,0.68,0.708333,48,False,0.6875
grouped,0,1,9,0.536082,0.530612,0.541667,48,False,0.291667
grouped,0,1,10,0.225352,0.347826,0.166667,48,False,0.270833
grouped,0,1,11,0.549618,0.433735,0.75,48,False,0.4375
grouped,0,1,12,0,0,0,48,True,0
grouped,0,1,13,0.736842,0.744681,0.729167,48,False,0.3125
grouped,0,1,14,0.674699,0.8,0.583333,48,False,0.541667
grouped,0,1,15,0.891089,0.849057,0.9375,48,False,0.9375
grouped,0,1,16,0.688889,0.738095,0.645833,48,False,0.291667
grouped,0,1,17,0.582524,0.545455,0.625,48,False,0.458333
grouped,0,1,18,0.508197,0.418919,0.645833,48,False,0.520833
grouped,0,1,19,0.5,0.55,0.458333,48,False,0.333333
grouped,0,1,20,0.466667,0.5,0.4375,48,False,0.5625
grouped,0,1,21,0.674419,0.763158,0.604167,48,False,0.270833
grouped,0,1,22,0.388889,0.518519,0.311111,45,True,0
grouped,0,1,23,0.672897,0.610169,0.75,48,False,0.5625
grouped,0,1,24,0.655462,0.549296,0.8125,48,False,0.354167
grouped,0,1,25,0.55914,0.577778,0.541667,48,False,0.520833
grouped,0,1,26,0.958333,0.958333,0.958333,48,False,0.791667
grouped,0,1,27,0.456522,0.477273,0.4375,48,False,0.208333
grouped,0,1,28,0.948454,0.938776,0.958333,48,False,0.666667
grouped,0,1,29,0.876404,0.95122,0.8125,48,False,0.5625
grouped,0,1,30,0.413223,0.342466,0.520833,48,False,0.1875
grouped,0,1,31,0.946237,0.977778,0.916667,48,False,0.770833
grouped,0,1,32,0.819048,0.754386,0.895833,48,False,0.270833
grouped,0,1,33,0.714286,0.7,0.729167,48,False,0.645833
grouped,0,1,34,0.6,0.642857,0.5625,48,False,0.416667
grouped,0,1,35,0.878505,0.79661,0.979167,48,False,0.958333
grouped,0,1,36,0.803922,0.759259,0.854167,48,False,0.354167
grouped,0,1,37,0.326531,0.32,0.333333,48,False,0.354167
grouped,0,1,38,0,0,0,48,True,0
grouped,0,1,39,0.488372,0.552632,0.4375,48,False,0.208333
grouped,0,1,40,0.582524,0.545455,0.625,48,False,0.25
grouped,0,1,41,0.233766,0.310345,0.1875,48,False,0.25
grouped,0,1,42,0.373626,0.395349,0.354167,48,False,0.354167
grouped,0,1,43,0.449438,0.487805,0.416667,48,False,0.229167
grouped,0,1,44,0.597701,0.666667,0.541667,48,False,0.354167
grouped,0,1,45,0,0,0,48,True,0
grouped,0,1,46,0.494382,0.536585,0.458333,48,False,0.1875
grouped,0,1,47,0.841121,0.762712,0.9375,48,False,0.3125
grouped,0,1,48,0.857143,0.789474,0.9375,48,False,0.833333
grouped,0,1,49,0.173913,0.285714,0.125,48,False,0.166667
grouped,0,1,50,0.948454,0.938776,0.958333,48,False,0.104167
grouped,0,1,51,0.051282,0.066667,0.041667,48,False,0.0833333
grouped,0,1,52,0.023256,0.026316,0.020833,48,False,0.0625
grouped,0,1,53,0.687023,0.529412,0.978261,46,False,0.456522
grouped,0,1,54,0.653061,0.64,0.666667,48,False,0.375
grouped,0,1,55,0.518519,0.636364,0.4375,48,False,0.0416667
grouped,0,1,56,0.609524,0.561404,0.666667,48,False,0.270833
grouped,0,1,57,0.677686,0.546667,0.891304,46,False,0.23913
grouped,0,1,58,0.735632,0.820513,0.666667,48,False,0.270833
grouped,0,1,59,0.092308,0.176471,0.0625,48,True,0
grouped,0,1,60,0.215054,0.222222,0.208333,48,True,0
grouped,0,1,61,0.149254,0.263158,0.104167,48,True,0
grouped,0,1,62,0.5625,0.45,0.75,48,False,0.3125
grouped,0,1,63,0.025316,0.032258,0.020833,48,True,0
grouped,0,1,64,0.366667,0.305556,0.458333,48,True,0
grouped,0,1,65,0.137931,0.4,0.083333,48,True,0
grouped,0,1,66,0.02439,0.029412,0.020833,48,True,0
grouped,0,1,67,0.873786,0.818182,0.9375,48,False,0.729167
grouped,0,1,68,0.845361,0.836735,0.854167,48,False,0.729167
grouped,0,1,69,0.268293,0.323529,0.229167,48,False,0
grouped,0,1,70,0,0,0,48,True,0
grouped,0,1,71,0.027027,0.038462,0.020833,48,True,0
grouped,0,1,72,0.640625,0.5125,0.854167,48,False,0.520833
grouped,0,1,73,0.303797,0.387097,0.25,48,False,0.416667
grouped,0,1,74,0.959184,0.94,0.979167,48,False,0.291667
grouped,0,1,75,0.879121,0.930233,0.833333,48,False,0.125
grouped,0,1,76,0.686275,0.648148,0.729167,48,False,0.708333
grouped,0,1,77,0.711538,0.660714,0.770833,48,False,0.770833
grouped,0,1,78,0.891089,0.849057,0.9375,48,True,0.625
grouped,0,1,79,0,0,0,48,True,0
grouped,0,1,80,0.363636,0.30137,0.458333,48,False,0.125
grouped,0,1,81,0.455172,0.340206,0.6875,48,False,0.583333
grouped,0,1,82,0.729167,0.729167,0.729167,48,False,0.520833
grouped,0,1,83,0.75,0.825,0.6875,48,False,0.520833
grouped,0,1,84,0.495413,0.442623,0.5625,48,False,0.416667
grouped,0,1,85,0.814159,0.707692,0.958333,48,False,0.833333
grouped,0,1,86,0.495575,0.430769,0.583333,48,False,0.208333
grouped,0,1,87,0.672269,0.56338,0.833333,48,False,0.6875
grouped,0,1,88,0.643678,0.717949,0.583333,48,False,0.166667
grouped,0,1,89,0.683761,0.57971,0.833333,48,False,0.8125
grouped,0,2,0,0.224299,0.206897,0.244898,49,False,0.104167
grouped,0,2,1,0.780952,0.719298,0.854167,48,False,0.354167
grouped,0,2,2,0.778947,0.787234,0.770833,48,False,0.291667
grouped,0,2,3,0.916667,0.916667,0.916667,48,False,0.479167
grouped,0,2,4,0.023256,0.026316,0.020833,48,True,0
grouped,0,2,5,0.933333,0.954545,0.913043,46,False,0.326087
grouped,0,2,6,0.625,0.5,0.833333,48,False,0.104167
grouped,0,2,7,0,0,0,48,True,0
grouped,0,2,8,0.704545,0.775,0.645833,48,False,0.6875
grouped,0,2,9,0.541667,0.541667,0.541667,48,False,0.291667
grouped,0,2,10,0.142857,0.227273,0.104167,48,False,0.270833
grouped,0,2,11,0.508772,0.439394,0.604167,48,False,0.4375
grouped,0,2,12,0,0,0,48,True,0
grouped,0,2,13,0.734694,0.72,0.75,48,False,0.3125
grouped,0,2,14,0.714286,0.833333,0.625,48,False,0.541667
grouped,0,2,15,0.882353,0.833333,0.9375,48,False,0.9375
grouped,0,2,16,0.666667,0.688889,0.645833,48,False,0.291667
grouped,0,2,17,0.616822,0.559322,0.6875,48,False,0.458333
grouped,0,2,18,0.529915,0.449275,0.645833,48,False,0.520833
grouped,0,2,19,0.57732,0.571429,0.583333,48,False,0.333333
grouped,0,2,20,0.539326,0.585366,0.5,48,False,0.5625
grouped,0,2,21,0.704545,0.775,0.645833,48,False,0.270833
grouped,0,2,22,0.415584,0.5,0.355556,45,True,0
grouped,0,2,23,0.7,0.673077,0.729167,48,False,0.5625
grouped,0,2,24,0.644068,0.542857,0.791667,48,False,0.354167
grouped,0,2,25,0.581395,0.657895,0.520833,48,False,0.520833
grouped,0,2,26,0.989691,0.979592,1,48,False,0.791667
grouped,0,2,27,0.545455,0.529412,0.5625,48,False,0.208333
grouped,0,2,28,0.989474,1,0.979167,48,False,0.666667
grouped,0,2,29,0.844444,0.904762,0.791667,48,False,0.5625
grouped,0,2,30,0.413793,0.352941,0.5,48,False,0.1875
grouped,0,2,31,0.938776,0.92,0.958333,48,False,0.770833
grouped,0,2,32,0.82243,0.745763,0.916667,48,False,0.270833
grouped,0,2,33,0.7,0.673077,0.729167,48,False,0.645833
grouped,0,2,34,0.604651,0.684211,0.541667,48,False,0.416667
grouped,0,2,35,0.844037,0.754098,0.958333,48,False,0.958333
grouped,0,2,36,0.84,0.807692,0.875,48,False,0.354167
grouped,0,2,37,0.421053,0.425532,0.416667,48,False,0.354167
grouped,0,2,38,0,0,0,48,True,0
grouped,0,2,39,0.536585,0.647059,0.458333,48,False,0.208333
grouped,0,2,40,0.560748,0.508475,0.625,48,False,0.25
grouped,0,2,41,0.325,0.40625,0.270833,48,False,0.25
grouped,0,2,42,0.337079,0.365854,0.3125,48,False,0.354167
grouped,0,2,43,0.222222,0.272727,0.1875,48,False,0.229167
grouped,0,2,44,0.658824,0.756757,0.583333,48,False,0.354167
grouped,0,2,45,0,0,0,48,True,0
grouped,0,2,46,0.55102,0.54,0.5625,48,False,0.1875
grouped,0,2,47,0.849057,0.775862,0.9375,48,False,0.3125
grouped,0,2,48,0.873786,0.818182,0.9375,48,False,0.833333
grouped,0,2,49,0.133333,0.185185,0.104167,48,False,0.166667
grouped,0,2,50,0.949495,0.921569,0.979167,48,False,0.104167
grouped,0,2,51,0.04878,0.058824,0.041667,48,False,0.0833333
grouped,0,2,52,0.081633,0.08,0.083333,48,False,0.0625
grouped,0,2,53,0.760331,0.613333,1,46,False,0.456522
grouped,0,2,54,0.757282,0.709091,0.8125,48,False,0.375
grouped,0,2,55,0.578313,0.685714,0.5,48,False,0.0416667
grouped,0,2,56,0.635514,0.576271,0.708333,48,False,0.270833
grouped,0,2,57,0.655172,0.542857,0.826087,46,False,0.23913
grouped,0,2,58,0.755556,0.809524,0.708333,48,False,0.270833
grouped,0,2,59,0.15625,0.3125,0.104167,48,True,0
grouped,0,2,60,0.188235,0.216216,0.166667,48,True,0
grouped,0,2,61,0.197183,0.304348,0.145833,48,True,0
grouped,0,2,62,0.616822,0.559322,0.6875,48,False,0.3125
grouped,0,2,63,0.026667,0.037037,0.020833,48,True,0
grouped,0,2,64,0.372093,0.296296,0.5,48,True,0
grouped,0,2,65,0.117647,0.2,0.083333,48,True,0
grouped,0,2,66,0.024096,0.028571,0.020833,48,True,0
grouped,0,2,67,0.949495,0.921569,0.979167,48,False,0.729167
grouped,0,2,68,0.848485,0.823529,0.875,48,False,0.729167
grouped,0,2,69,0.24,0.333333,0.1875,48,False,0
grouped,0,2,70,0,0,0,48,True,0
grouped,0,2,71,0.051282,0.066667,0.041667,48,True,0
grouped,0,2,72,0.644628,0.534247,0.8125,48,False,0.520833
grouped,0,2,73,0.328767,0.48,0.25,48,False,0.416667
grouped,0,2,74,0.969072,0.959184,0.979167,48,False,0.291667
grouped,0,2,75,0.879121,0.930233,0.833333,48,False,0.125
grouped,0,2,76,0.722222,0.65,0.8125,48,False,0.708333
grouped,0,2,77,0.628571,0.578947,0.6875,48,False,0.770833
grouped,0,2,78,0.833333,0.75,0.9375,48,True,0.625
grouped,0,2,79,0,0,0,48,True,0
grouped,0,2,80,0.442748,0.349398,0.604167,48,False,0.125
grouped,0,2,81,0.397516,0.283186,0.666667,48,False,0.583333
grouped,0,2,82,0.589474,0.595745,0.583333,48,False,0.520833
grouped,0,2,83,0.813953,0.921053,0.729167,48,False,0.520833
grouped,0,2,84,0.5,0.45,0.5625,48,False,0.416667
grouped,0,2,85,0.825688,0.737705,0.9375,48,False,0.833333
grouped,0,2,86,0.471698,0.431034,0.520833,48,False,0.208333
grouped,0,2,87,0.696429,0.609375,0.8125,48,False,0.6875
grouped,0,2,88,0.613861,0.584906,0.645833,48,False,0.166667
grouped,0,2,89,0.645669,0.518987,0.854167,48,False,0.8125
grouped,1,0,0,0.333333,0.365854,0.306122,49,False,0.208333
grouped,1,0,1,0.747475,0.72549,0.770833,48,False,0.395833
grouped,1,0,2,0.705882,0.666667,0.75,48,False,0.479167
grouped,1,0,3,0.857143,0.84,0.875,48,False,0.6875
grouped,1,0,4,0,0,0,48,True,0
grouped,1,0,5,0.863158,0.82,0.911111,45,False,0.377778
grouped,1,0,6,0.625,0.78125,0.520833,48,False,0.270833
grouped,1,0,7,0,0,0,48,True,0
grouped,1,0,8,0.780952,0.719298,0.854167,48,False,0.645833
grouped,1,0,9,0.703297,0.744186,0.666667,48,False,0.4375
grouped,1,0,10,0.232558,0.263158,0.208333,48,False,0.208333
grouped,1,0,11,0.516129,0.533333,0.5,48,False,0.458333
grouped,1,0,12,0,0,0,48,True,0
grouped,1,0,13,0.787234,0.804348,0.770833,48,False,0.4375
grouped,1,0,14,0.645161,0.652174,0.638298,47,False,0.553191
grouped,1,0,15,0.893204,0.836364,0.958333,48,False,0.916667
grouped,1,0,16,0.649123,0.560606,0.770833,48,False,0.229167
grouped,1,0,17,0.533333,0.491228,0.583333,48,False,0.4375
grouped,1,0,18,0.685185,0.616667,0.770833,48,False,0.833333
grouped,1,0,19,0.471698,0.431034,0.520833,48,False,0.291667
grouped,1,0,20,0.488372,0.552632,0.4375,48,False,0.645833
grouped,1,0,21,0.649573,0.550725,0.791667,48,False,0.291667
grouped,1,0,22,0.55,0.6875,0.458333,48,True,0
grouped,1,0,23,0.707071,0.686275,0.729167,48,False,0.583333
grouped,1,0,24,0.621849,0.521127,0.770833,48,False,0.375
grouped,1,0,25,0.425,0.53125,0.354167,48,False,0.645833
grouped,1,0,26,0.923077,0.857143,1,48,False,0.875
grouped,1,0,27,0.568182,0.625,0.520833,48,False,0.375
grouped,1,0,28,0.978723,1,0.958333,48,False,0.520833
grouped,1,0,29,0.845361,0.836735,0.854167,48,False,0.583333
grouped,1,0,30,0.39604,0.377358,0.416667,48,False,0.25
grouped,1,0,31,0.930693,0.886792,0.979167,48,False,0.770833
grouped,1,0,32,0.607595,0.774194,0.5,48,False,0.270833
grouped,1,0,33,0.564103,0.478261,0.6875,48,False,0.729167
grouped,1,0,34,0.551724,0.615385,0.5,48,False,0.375
grouped,1,0,35,0.717557,0.566265,0.979167,48,False,0.9375
grouped,1,0,36,0.804124,0.795918,0.8125,48,False,0.375
grouped,1,0,37,0.363636,0.482759,0.291667,48,False,0.270833
grouped,1,0,38,0,0,0,48,True,0
grouped,1,0,39,0.505495,0.534884,0.479167,48,False,0.145833
grouped,1,0,40,0.571429,0.526316,0.625,48,False,0.25
grouped,1,0,41,0.387097,0.4,0.375,48,False,0.166667
grouped,1,0,42,0.470588,0.444444,0.5,48,False,0.333333
grouped,1,0,43,0.380282,0.287234,0.5625,48,False,0.25
grouped,1,0,44,0.608696,0.636364,0.583333,48,False,0.3125
grouped,1,0,45,0,0,0,47,True,0
grouped,1,0,46,0.258824,0.297297,0.229167,48,False,0.25
grouped,1,0,47,0.865385,0.803571,0.9375,48,False,0.3125
grouped,1,0,48,0.838095,0.77193,0.916667,48,False,0.791667
grouped,1,0,49,0.1,0.125,0.083333,48,False,0.104167
grouped,1,0,50,0.938776,0.92,0.958333,48,False,0.25
grouped,1,0,51,0.166667,0.166667,0.166667,48,False,0.0625
grouped,1,0,52,0.061856,0.061224,0.0625,48,False,0.0416667
grouped,1,0,53,0.796296,0.693548,0.934783,46,False,0.456522
grouped,1,0,54,0.674157,0.731707,0.625,48,False,0.416667
grouped,1,0,55,0.555556,0.595238,0.520833,48,False,0.0625
grouped,1,0,56,0.673077,0.625,0.729167,48,False,0.229167
grouped,1,0,57,0.709677,0.702128,0.717391,46,False,0.391304
grouped,1,0,58,0.703704,0.633333,0.791667,48,False,0.375
grouped,1,0,59,0.235294,0.4,0.166667,48,True,0
grouped,1,0,60,0.541667,0.541667,0.541667,48,True,0
grouped,1,0,61,0.15873,0.333333,0.104167,48,True,0
grouped,1,0,62,0.666667,0.62963,0.708333,48,False,0.375
grouped,1,0,63,0.060606,0.111111,0.041667,48,True,0
grouped,1,0,64,0.307692,0.588235,0.208333,48,True,0
grouped,1,0,65,0.15625,0.3125,0.104167,48,True,0
grouped,1,0,66,0.040816,0.04,0.041667,48,True,0
grouped,1,0,67,0.873786,0.818182,0.9375,48,False,0.75
grouped,1,0,68,0.649573,0.550725,0.791667,48,False,0.729167
grouped,1,0,69,0.392523,0.355932,0.4375,48,False,0
grouped,1,0,70,0.086022,0.088889,0.083333,48,True,0
grouped,1,0,71,0.126582,0.16129,0.104167,48,True,0
grouped,1,0,72,0.62963,0.566667,0.708333,48,False,0.625
grouped,1,0,73,0.44186,0.5,0.395833,48,False,0.479167
grouped,1,0,74,0.671429,0.51087,0.979167,48,False,0.333333
grouped,1,0,75,0.87619,0.807018,0.958333,48,False,0.458333
grouped,1,0,76,0.6875,0.6875,0.6875,48,False,0.791667
grouped,1,0,77,0.699029,0.654545,0.75,48,False,0.833333
grouped,1,0,78,0.826923,0.767857,0.895833,48,True,0.6875
grouped,1,0,79,0,0,0,48,True,0
grouped,1,0,80,0.438095,0.403509,0.479167,48,False,0.125
grouped,1,0,81,0.416667,0.4,0.434783,46,False,0.456522
grouped,1,0,82,0.75,0.65625,0.875,48,False,0.479167
grouped,1,0,83,0.835165,0.883721,0.791667,48,False,0.458333
grouped,1,0,84,0.506329,0.645161,0.416667,48,False,0.4375
grouped,1,0,85,0.918367,0.9,0.9375,48,False,0.6875
grouped,1,0,86,0.545455,0.724138,0.4375,48,False,0.208333
grouped,1,0,87,0.692913,0.556962,0.916667,48,False,0.729167
grouped,1,0,88,0.597015,0.465116,0.833333,48,False,0.354167
grouped,1,0,89,0.673267,0.641509,0.708333,48,False,0.354167
grouped,1,1,0,0.373832,0.344828,0.408163,49,False,0.208333
grouped,1,1,1,0.705882,0.666667,0.75,48,False,0.395833
grouped,1,1,2,0.652174,0.681818,0.625,48,False,0.479167
grouped,1,1,3,0.875,0.875,0.875,48,False,0.6875
grouped,1,1,4,0,0,0,48,True,0
grouped,1,1,5,0.933333,0.933333,0.933333,45,False,0.377778
grouped,1,1,6,0.651163,0.736842,0.583333,48,False,0.270833
grouped,1,1,7,0,0,0,48,True,0
grouped,1,1,8,0.777778,0.7,0.875,48,False,0.645833
grouped,1,1,9,0.75,0.825,0.6875,48,False,0.4375
grouped,1,1,10,0.258065,0.266667,0.25,48,False,0.208333
grouped,1,1,11,0.452381,0.527778,0.395833,48,False,0.458333
grouped,1,1,12,0,0,0,48,True,0
grouped,1,1,13,0.777778,0.833333,0.729167,48,False,0.4375
grouped,1,1,14,0.635294,0.710526,0.574468,47,False,0.553191
grouped,1,1,15,0.857143,0.789474,0.9375,48,False,0.916667
grouped,1,1,16,0.618182,0.548387,0.708333,48,False,0.229167
grouped,1,1,17,0.576923,0.535714,0.625,48,False,0.4375
grouped,1,1,18,0.622951,0.513514,0.791667,48,False,0.833333
grouped,1,1,19,0.461538,0.391304,0.5625,48,False,0.291667
grouped,1,1,20,0.564706,0.648649,0.5,48,False,0.645833
grouped,1,1,21,0.645669,0.518987,0.854167,48,False,0.291667
grouped,1,1,22,0.56,0.777778,0.4375,48,True,0
grouped,1,1,23,0.57377,0.472973,0.729167,48,False,0.583333
grouped,1,1,24,0.654545,0.580645,0.75,48,False,0.375
grouped,1,1,25,0.447368,0.607143,0.354167,48,False,0.645833
grouped,1,1,26,0.941176,0.888889,1,48,False,0.875
grouped,1,1,27,0.504673,0.457627,0.5625,48,False,0.375
grouped,1,1,28,0.978723,1,0.958333,48,False,0.520833
grouped,1,1,29,0.815534,0.763636,0.875,48,False,0.583333
grouped,1,1,30,0.4,0.384615,0.416667,48,False,0.25
grouped,1,1,31,0.9,0.865385,0.9375,48,False,0.770833
grouped,1,1,32,0.57971,0.952381,0.416667,48,False,0.270833
grouped,1,1,33,0.610526,0.617021,0.604167,48,False,0.729167
grouped,1,1,34,0.551724,0.615385,0.5,48,False,0.375
grouped,1,1,35,0.734375,0.5875,0.979167,48,False,0.9375
grouped,1,1,36,0.766355,0.694915,0.854167,48,False,0.375
grouped,1,1,37,0.268657,0.473684,0.1875,48,False,0.270833
grouped,1,1,38,0,0,0,48,True,0
grouped,1,1,39,0.474227,0.469388,0.479167,48,False,0.145833
grouped,1,1,40,0.596491,0.515152,0.708333,48,False,0.25
grouped,1,1,41,0.35514,0.322034,0.395833,48,False,0.166667
grouped,1,1,42,0.44186,0.5,0.395833,48,False,0.333333
grouped,1,1,43,0.264706,0.204545,0.375,48,False,0.25
grouped,1,1,44,0.539326,0.585366,0.5,48,False,0.3125
grouped,1,1,45,0,0,0,47,True,0
grouped,1,1,46,0.238095,0.277778,0.208333,48,False,0.25
grouped,1,1,47,0.831858,0.723077,0.979167,48,False,0.3125
grouped,1,1,48,0.865385,0.803571,0.9375,48,False,0.791667
grouped,1,1,49,0.086957,0.142857,0.0625,48,False,0.104167
grouped,1,1,50,0.947368,0.957447,0.9375,48,False,0.25
grouped,1,1,51,0.096386,0.114286,0.083333,48,False,0.0625
grouped,1,1,52,0.022472,0.02439,0.020833,48,False,0.0416667
grouped,1,1,53,0.871287,0.8,0.956522,46,False,0.456522
grouped,1,1,54,0.795699,0.822222,0.770833,48,False,0.416667
grouped,1,1,55,0.567901,0.69697,0.479167,48,False,0.0625
grouped,1,1,56,0.697248,0.622951,0.791667,48,False,0.229167
grouped,1,1,57,0.752688,0.744681,0.76087,46,False,0.391304
grouped,1,1,58,0.704762,0.649123,0.770833,48,False,0.375
grouped,1,1,59,0.131579,0.178571,0.104167,48,True,0
grouped,1,1,60,0.591837,0.58,0.604167,48,True,0
grouped,1,1,61,0.263158,0.357143,0.208333,48,True,0
grouped,1,1,62,0.622642,0.568966,0.6875,48,False,0.375
grouped,1,1,63,0.103896,0.137931,0.083333,48,True,0
grouped,1,1,64,0.101695,0.272727,0.0625,48,True,0
grouped,1,1,65,0.101695,0.272727,0.0625,48,True,0
grouped,1,1,66,0.145833,0.145833,0.145833,48,True,0
grouped,1,1,67,0.87619,0.807018,0.958333,48,False,0.75
grouped,1,1,68,0.695652,0.597015,0.833333,48,False,0.729167
grouped,1,1,69,0.429752,0.356164,0.541667,48,False,0
grouped,1,1,70,0.074074,0.090909,0.0625,48,True,0
grouped,1,1,71,0.085714,0.136364,0.0625,48,True,0
grouped,1,1,72,0.645161,0.526316,0.833333,48,False,0.625
grouped,1,1,73,0.416667,0.625,0.3125,48,False,0.479167
grouped,1,1,74,0.723077,0.573171,0.979167,48,False,0.333333
grouped,1,1,75,0.810345,0.691176,0.979167,48,False,0.458333
grouped,1,1,76,0.729167,0.729167,0.729167,48,False,0.791667
grouped,1,1,77,0.666667,0.647059,0.6875,48,False,0.833333
grouped,1,1,78,0.862745,0.814815,0.916667,48,True,0.6875
grouped,1,1,79,0,0,0,48,True,0
grouped,1,1,80,0.42963,0.333333,0.604167,48,False,0.125
grouped,1,1,81,0.453608,0.431373,0.478261,46,False,0.456522
grouped,1,1,82,0.764706,0.722222,0.8125,48,False,0.479167
grouped,1,1,83,0.840909,0.925,0.770833,48,False,0.458333
grouped,1,1,84,0.375,0.75,0.25,48,False,0.4375
grouped,1,1,85,0.876404,0.95122,0.8125,48,False,0.6875
grouped,1,1,86,0.521739,0.545455,0.5,48,False,0.208333
grouped,1,1,87,0.714286,0.625,0.833333,48,False,0.729167
grouped,1,1,88,0.617647,0.477273,0.875,48,False,0.354167
grouped,1,1,89,0.704762,0.649123,0.770833,48,False,0.354167
grouped,1,2,0,0.396226,0.368421,0.428571,49,False,0.208333
grouped,1,2,1,0.72,0.692308,0.75,48,False,0.395833
grouped,1,2,2,0.612245,0.6,0.625,48,False,0.479167
grouped,1,2,3,0.875,0.875,0.875,48,False,0.6875
grouped,1,2,4,0,0,0,48,True,0
grouped,1,2,5,0.923077,0.913043,0.933333,45,False,0.377778
grouped,1,2,6,0.630435,0.659091,0.604167,48,False,0.270833
grouped,1,2,7,0,0,0,48,True,0
grouped,1,2,8,0.807339,0.721311,0.916667,48,False,0.645833
grouped,1,2,9,0.785714,0.916667,0.6875,48,False,0.4375
grouped,1,2,10,0.247619,0.22807,0.270833,48,False,0.208333
grouped,1,2,11,0.358974,0.466667,0.291667,48,False,0.458333
grouped,1,2,12,0,0,0,48,True,0
grouped,1,2,13,0.73913,0.772727,0.708333,48,False,0.4375
grouped,1,2,14,0.774194,0.782609,0.765957,47,False,0.553191
grouped,1,2,15,0.859813,0.779661,0.958333,48,False,0.916667
grouped,1,2,16,0.654867,0.569231,0.770833,48,False,0.229167
grouped,1,2,17,0.510204,0.5,0.520833,48,False,0.4375
grouped,1,2,18,0.639175,0.632653,0.645833,48,False,0.833333
grouped,1,2,19,0.471545,0.386667,0.604167,48,False,0.291667
grouped,1,2,20,0.455696,0.580645,0.375,48,False,0.645833
grouped,1,2,21,0.68254,0.551282,0.895833,48,False,0.291667
grouped,1,2,22,0.411765,0.7,0.291667,48,True,0
grouped,1,2,23,0.595745,0.608696,0.583333,48,False,0.583333
grouped,1,2,24,0.637168,0.553846,0.75,48,False,0.375
grouped,1,2,25,0.361111,0.541667,0.270833,48,False,0.645833
grouped,1,2,26,0.923077,0.857143,1,48,False,0.875
grouped,1,2,27,0.543478,0.568182,0.520833,48,False,0.375
grouped,1,2,28,0.968421,0.978723,0.958333,48,False,0.520833
grouped,1,2,29,0.780952,0.719298,0.854167,48,False,0.583333
grouped,1,2,30,0.466019,0.436364,0.5,48,False,0.25
grouped,1,2,31,0.867925,0.793103,0.958333,48,False,0.770833
grouped,1,2,32,0.57971,0.952381,0.416667,48,False,0.270833
grouped,1,2,33,0.652632,0.659574,0.645833,48,False,0.729167
grouped,1,2,34,0.5,0.5,0.5,48,False,0.375
grouped,1,2,35,0.676471,0.522727,0.958333,48,False,0.9375
grouped,1,2,36,0.803738,0.728814,0.895833,48,False,0.375
grouped,1,2,37,0.257143,0.409091,0.1875,48,False,0.270833
grouped,1,2,38,0,0,0,48,True,0
grouped,1,2,39,0.481481,0.433333,0.541667,48,False,0.145833
grouped,1,2,40,0.594595,0.52381,0.6875,48,False,0.25
grouped,1,2,41,0.350877,0.30303,0.416667,48,False,0.166667
grouped,1,2,42,0.384615,0.5,0.3125,48,False,0.333333
grouped,1,2,43,0.190476,0.153846,0.25,48,False,0.25
grouped,1,2,44,0.5,0.55,0.458333,48,False,0.3125
grouped,1,2,45,0,0,0,47,True,0
grouped,1,2,46,0.052632,0.071429,0.041667,48,False,0.25
grouped,1,2,47,0.789474,0.681818,0.9375,48,False,0.3125
grouped,1,2,48,0.886598,0.877551,0.895833,48,False,0.791667
grouped,1,2,49,0.050633,0.064516,0.041667,48,False,0.104167
grouped,1,2,50,0.958333,0.958333,0.958333,48,False,0.25
grouped,1,2,51,0.06383,0.065217,0.0625,48,False,0.0625
grouped,1,2,52,0.093458,0.084746,0.104167,48,False,0.0416667
grouped,1,2,53,0.875,0.84,0.913043,46,False,0.456522
grouped,1,2,54,0.731183,0.755556,0.708333,48,False,0.416667
grouped,1,2,55,0.549451,0.581395,0.520833,48,False,0.0625
grouped,1,2,56,0.721649,0.714286,0.729167,48,False,0.229167
grouped,1,2,57,0.741573,0.767442,0.717391,46,False,0.391304
grouped,1,2,58,0.672566,0.584615,0.791667,48,False,0.375
grouped,1,2,59,0.106667,0.148148,0.083333,48,True,0
grouped,1,2,60,0.5,0.5,0.5,48,True,0
grouped,1,2,61,0.235294,0.4,0.166667,48,True,0
grouped,1,2,62,0.642202,0.57377,0.729167,48,False,0.375
grouped,1,2,63,0.028986,0.047619,0.020833,48,True,0
grouped,1,2,64,0.095238,0.2,0.0625,48,True,0
grouped,1,2,65,0.09375,0.1875,0.0625,48,True,0
grouped,1,2,66,0.047619,0.055556,0.041667,48,True,0
grouped,1,2,67,0.786325,0.666667,0.958333,48,False,0.75
grouped,1,2,68,0.625954,0.493976,0.854167,48,False,0.729167
grouped,1,2,69,0.336842,0.340426,0.333333,48,False,0
grouped,1,2,70,0.048193,0.057143,0.041667,48,True,0
grouped,1,2,71,0.054054,0.076923,0.041667,48,True,0
grouped,1,2,72,0.740741,0.666667,0.833333,48,False,0.625
grouped,1,2,73,0.431818,0.475,0.395833,48,False,0.479167
grouped,1,2,74,0.761905,0.615385,1,48,False,0.333333
grouped,1,2,75,0.912621,0.854545,0.979167,48,False,0.458333
grouped,1,2,76,0.740741,0.666667,0.833333,48,False,0.791667
grouped,1,2,77,0.691589,0.627119,0.770833,48,False,0.833333
grouped,1,2,78,0.927835,0.918367,0.9375,48,True,0.6875
grouped,1,2,79,0,0,0,48,True,0
grouped,1,2,80,0.456693,0.367089,0.604167,48,False,0.125
grouped,1,2,81,0.419355,0.333333,0.565217,46,False,0.456522
grouped,1,2,82,0.707965,0.615385,0.833333,48,False,0.479167
grouped,1,2,83,0.83871,0.866667,0.8125,48,False,0.458333
grouped,1,2,84,0.56,0.777778,0.4375,48,False,0.4375
grouped,1,2,85,0.913043,0.954545,0.875,48,False,0.6875
grouped,1,2,86,0.35,0.4375,0.291667,48,False,0.208333
grouped,1,2,87,0.7,0.583333,0.875,48,False,0.729167
grouped,1,2,88,0.606061,0.47619,0.833333,48,False,0.354167
grouped,1,2,89,0.725275,0.767442,0.6875,48,False,0.354167
stratified,0,0,0,0.25,0.3,0.214286,28,False,0.0714286
stratified,0,0,1,0.830769,0.75,0.931034,29,False,0.689655
stratified,0,0,2,0.711864,0.7,0.724138,29,False,0.413793
stratified,0,0,3,0.9,0.870968,0.931034,29,False,0.586207
stratified,0,0,4,0.724138,0.7,0.75,28,True,0.428571
stratified,0,0,5,0.819672,0.735294,0.925926,27,False,0.444444
stratified,0,0,6,0.714286,0.740741,0.689655,29,False,0.241379
stratified,0,0,7,0.408163,0.5,0.344828,29,True,0.241379
stratified,0,0,8,0.666667,0.617647,0.724138,29,False,0.724138
stratified,0,0,9,0.703704,0.76,0.655172,29,False,0.413793
stratified,0,0,10,0.36,0.428571,0.310345,29,False,0.517241
stratified,0,0,11,0.764706,0.65,0.928571,28,False,0.607143
stratified,0,0,12,0.703704,0.76,0.655172,29,True,0.448276
stratified,0,0,13,0.857143,0.857143,0.857143,28,False,0.5
stratified,0,0,14,0.745098,0.826087,0.678571,28,False,0.5
stratified,0,0,15,0.915254,0.9,0.931034,29,False,0.965517
stratified,0,0,16,0.666667,0.678571,0.655172,29,False,0.206897
stratified,0,0,17,0.707692,0.638889,0.793103,29,False,0.586207
stratified,0,0,18,0.777778,0.84,0.724138,29,False,0.896552
stratified,0,0,19,0.541667,0.684211,0.448276,29,False,0.344828
stratified,0,0,20,0.571429,0.571429,0.571429,28,False,0.5
stratified,0,0,21,0.615385,0.695652,0.551724,29,False,0.310345
stratified,0,0,22,0.814815,0.846154,0.785714,28,True,0.321429
stratified,0,0,23,0.704225,0.595238,0.862069,29,False,0.793103
stratified,0,0,24,0.774194,0.727273,0.827586,29,False,0.655172
stratified,0,0,25,0.692308,0.75,0.642857,28,False,0.535714
stratified,0,0,26,0.935484,0.878788,1,29,False,0.931034
stratified,0,0,27,0.615385,0.555556,0.689655,29,False,0.275862
stratified,0,0,28,0.982456,1,0.965517,29,False,0.62069
stratified,0,0,29,0.9,0.870968,0.931034,29,False,0.62069
stratified,0,0,30,0.344828,0.344828,0.344828,29,False,0.310345
stratified,0,0,31,0.915254,0.9,0.931034,29,False,0.758621
stratified,0,0,32,0.80597,0.710526,0.931034,29,False,0.517241
stratified,0,0,33,0.745763,0.733333,0.758621,29,False,0.827586
stratified,0,0,34,0.62963,0.68,0.586207,29,False,0.482759
stratified,0,0,35,0.915254,0.9,0.931034,29,False,0.931034
stratified,0,0,36,0.8,0.774194,0.827586,29,False,0.344828
stratified,0,0,37,0.491228,0.5,0.482759,29,False,0.344828
stratified,0,0,38,0.679245,0.72,0.642857,28,True,0.0357143
stratified,0,0,39,0.571429,0.592593,0.551724,29,False,0.482759
stratified,0,0,40,0.655738,0.625,0.689655,29,False,0.482759
stratified,0,0,41,0.34375,0.314286,0.37931,29,False,0.310345
stratified,0,0,42,0.444444,0.411765,0.482759,29,False,0.413793
stratified,0,0,43,0.606061,0.526316,0.714286,28,False,0.5
stratified,0,0,44,0.603774,0.666667,0.551724,29,False,0.37931
stratified,0,0,45,0.509091,0.518519,0.5,28,True,0.142857
stratified,0,0,46,0.666667,0.72,0.62069,29,False,0.310345
stratified,0,0,47,0.813559,0.8,0.827586,29,False,0.448276
stratified,0,0,48,0.918033,0.875,0.965517,29,False,0.862069
stratified,0,0,49,0.108108,0.25,0.068966,29,False,0.344828
stratified,0,0,50,0.964286,1,0.931034,29,False,0.896552
stratified,0,0,51,0.181818,0.25,0.142857,28,False,0.428571
stratified,0,0,52,0.244898,0.3,0.206897,29,False,0.344828
stratified,0,0,53,0.892857,0.892857,0.892857,28,False,0.714286
stratified,0,0,54,0.631579,0.642857,0.62069,29,False,0.655172
stratified,0,0,55,0.653846,0.73913,0.586207,29,False,0.275862
stratified,0,0,56,0.727273,0.648649,0.827586,29,False,0.344828
stratified,0,0,57,0.730159,0.657143,0.821429,28,False,0.392857
stratified,0,0,58,0.8,0.846154,0.758621,29,False,0.586207
stratified,0,0,59,0.5,0.565217,0.448276,29,True,0.241379
stratified,0,0,60,0.745763,0.733333,0.758621,29,True,0.206897
stratified,0,0,61,0.690909,0.730769,0.655172,29,True,0.344828
stratified,0,0,62,0.77193,0.785714,0.758621,29,False,0.344828
stratified,0,0,63,0.555556,0.6,0.517241,29,True,0.241379
stratified,0,0,64,0.8,0.814815,0.785714,28,True,0.464286
stratified,0,0,65,0.679245,0.75,0.62069,29,True,0.241379
stratified,0,0,66,0.541667,0.684211,0.448276,29,True,0.137931
stratified,0,0,67,0.95082,0.90625,1,29,False,0.655172
stratified,0,0,68,0.925926,1,0.862069,29,False,0.931034
stratified,0,0,69,0.626866,0.552632,0.724138,29,False,0.482759
stratified,0,0,70,0.393939,0.351351,0.448276,29,True,0.172414
stratified,0,0,71,0.56,0.636364,0.5,28,True,0.428571
stratified,0,0,72,0.787879,0.702703,0.896552,29,False,0.758621
stratified,0,0,73,0.372881,0.366667,0.37931,29,False,0.482759
stratified,0,0,74,0.931034,0.931034,0.931034,29,False,0.793103
stratified,0,0,75,0.947368,0.964286,0.931034,29,False,0.827586
stratified,0,0,76,0.727273,0.740741,0.714286,28,False,0.857143
stratified,0,0,77,0.918033,0.875,0.965517,29,False,0.689655
stratified,0,0,78,0.933333,0.903226,0.965517,29,True,0.758621
stratified,0,0,79,0.912281,0.896552,0.928571,28,True,0.178571
stratified,0,0,80,0.44,0.52381,0.37931,29,False,0.448276
stratified,0,0,81,0.641509,0.68,0.607143,28,False,0.428571
stratified,0,0,82,0.727273,0.648649,0.827586,29,False,0.62069
stratified,0,0,83,0.807018,0.821429,0.793103,29,False,0.551724
stratified,0,0,84,0.610169,0.6,0.62069,29,False,0.551724
stratified,0,0,85,0.931034,0.931034,0.931034,29,False,0.758621
stratified,0,0,86,0.581818,0.615385,0.551724,29,False,0.275862
stratified,0,0,87,0.8,0.774194,0.827586,29,False,0.655172
stratified,0,0,88,0.571429,0.44898,0.785714,28,False,0.535714
stratified,0,0,89,0.793103,0.793103,0.793103,29,False,0.724138
stratified,0,1,0,0.32,0.363636,0.285714,28,False,0.0714286
stratified,0,1,1,0.847458,0.833333,0.862069,29,False,0.689655
stratified,0,1,2,0.688525,0.65625,0.724138,29,False,0.413793
stratified,0,1,3,0.918033,0.875,0.965517,29,False,0.586207
stratified,0,1,4,0.703704,0.730769,0.678571,28,True,0.428571
stratified,0,1,5,0.945455,0.928571,0.962963,27,False,0.444444
stratified,0,1,6,0.823529,0.954545,0.724138,29,False,0.241379
stratified,0,1,7,0.425532,0.555556,0.344828,29,True,0.241379
stratified,0,1,8,0.738462,0.666667,0.827586,29,False,0.724138
stratified,0,1,9,0.777778,0.84,0.724138,29,False,0.413793
stratified,0,1,10,0.431373,0.5,0.37931,29,False,0.517241
stratified,0,1,11,0.870968,0.794118,0.964286,28,False,0.607143
stratified,0,1,12,0.75,0.777778,0.724138,29,True,0.448276
stratified,0,1,13,0.836364,0.851852,0.821429,28,False,0.5
stratified,0,1,14,0.666667,0.625,0.714286,28,False,0.5
stratified,0,1,15,0.915254,0.9,0.931034,29,False,0.965517
stratified,0,1,16,0.714286,0.740741,0.689655,29,False,0.206897
stratified,0,1,17,0.698413,0.647059,0.758621,29,False,0.586207
stratified,0,1,18,0.830189,0.916667,0.758621,29,False,0.896552
stratified,0,1,19,0.54902,0.636364,0.482759,29,False,0.344828
stratified,0,1,20,0.654545,0.666667,0.642857,28,False,0.5
stratified,0,1,21,0.711864,0.7,0.724138,29,False,0.310345
stratified,0,1,22,0.814815,0.846154,0.785714,28,True,0.321429
stratified,0,1,23,0.735294,0.641026,0.862069,29,False,0.793103
stratified,0,1,24,0.819672,0.78125,0.862069,29,False,0.655172
stratified,0,1,25,0.679245,0.72,0.642857,28,False,0.535714
stratified,0,1,26,0.9,0.870968,0.931034,29,False,0.931034
stratified,0,1,27,0.677419,0.636364,0.724138,29,False,0.275862
stratified,0,1,28,1,1,1,29,False,0.62069
stratified,0,1,29,0.9,0.870968,0.931034,29,False,0.62069
stratified,0,1,30,0.318841,0.275,0.37931,29,False,0.310345
stratified,0,1,31,0.931034,0.931034,0.931034,29,False,0.758621
stratified,0,1,32,0.819672,0.78125,0.862069,29,False,0.517241
stratified,0,1,33,0.698413,0.647059,0.758621,29,False,0.827586
stratified,0,1,34,0.666667,0.645161,0.689655,29,False,0.482759
stratified,0,1,35,0.9,0.870968,0.931034,29,False,0.931034
stratified,0,1,36,0.819672,0.78125,0.862069,29,False,0.344828
stratified,0,1,37,0.608696,0.823529,0.482759,29,False,0.344828
stratified,0,1,38,0.595745,0.736842,0.5,28,True,0.0357143
stratified,0,1,39,0.62069,0.62069,0.62069,29,False,0.482759
stratified,0,1,40,0.733333,0.709677,0.758621,29,False,0.482759
stratified,0,1,41,0.412698,0.382353,0.448276,29,False,0.310345
stratified,0,1,42,0.5,0.418605,0.62069,29,False,0.413793
stratified,0,1,43,0.615385,0.540541,0.714286,28,False,0.5
stratified,0,1,44,0.64,0.761905,0.551724,29,False,0.37931
stratified,0,1,45,0.52,0.590909,0.464286,28,True,0.142857
stratified,0,1,46,0.638298,0.833333,0.517241,29,False,0.310345
stratified,0,1,47,0.84375,0.771429,0.931034,29,False,0.448276
stratified,0,1,48,0.885246,0.84375,0.931034,29,False,0.862069
stratified,0,1,49,0.238095,0.384615,0.172414,29,False,0.344828
stratified,0,1,50,0.915254,0.9,0.931034,29,False,0.896552
stratified,0,1,51,0.133333,0.176471,0.107143,28,False,0.428571
stratified,0,1,52,0.384615,0.434783,0.344828,29,False,0.344828
stratified,0,1,53,0.925926,0.961538,0.892857,28,False,0.714286
stratified,0,1,54,0.736842,0.75,0.724138,29,False,0.655172
stratified,0,1,55,0.615385,0.695652,0.551724,29,False,0.275862
stratified,0,1,56,0.830769,0.75,0.931034,29,False,0.344828
stratified,0,1,57,0.78125,0.694444,0.892857,28,False,0.392857
stratified,0,1,58,0.821429,0.851852,0.793103,29,False,0.586207
stratified,0,1,59,0.666667,0.72,0.62069,29,True,0.241379
stratified,0,1,60,0.75,0.685714,0.827586,29,True,0.206897
stratified,0,1,61,0.814815,0.88,0.758621,29,True,0.344828
stratified,0,1,62,0.813559,0.8,0.827586,29,False,0.344828
stratified,0,1,63,0.644068,0.633333,0.655172,29,True,0.241379
stratified,0,1,64,0.807692,0.875,0.75,28,True,0.464286
stratified,0,1,65,0.740741,0.8,0.689655,29,True,0.241379
stratified,0,1,66,0.68,0.809524,0.586207,29,True,0.137931
stratified,0,1,67,0.982456,1,0.965517,29,False,0.655172
stratified,0,1,68,0.931034,0.931034,0.931034,29,False,0.931034
stratified,0,1,69,0.757576,0.675676,0.862069,29,False,0.482759
stratified,0,1,70,0.5,0.518519,0.482759,29,True,0.172414
stratified,0,1,71,0.653061,0.761905,0.571429,28,True,0.428571
stratified,0,1,72,0.727273,0.648649,0.827586,29,False,0.758621
stratified,0,1,73,0.363636,0.384615,0.344828,29,False,0.482759
stratified,0,1,74,0.931034,0.931034,0.931034,29,False,0.793103
stratified,0,1,75,0.964286,1,0.931034,29,False,0.827586
stratified,0,1,76,0.779661,0.741935,0.821429,28,False,0.857143
stratified,0,1,77,0.847458,0.833333,0.862069,29,False,0.689655
stratified,0,1,78,0.9,0.870968,0.931034,29,True,0.758621
stratified,0,1,79,0.928571,0.928571,0.928571,28,True,0.178571
stratified,0,1,80,0.509091,0.538462,0.482759,29,False,0.448276
stratified,0,1,81,0.631579,0.62069,0.642857,28,False,0.428571
stratified,0,1,82,0.727273,0.648649,0.827586,29,False,0.62069
stratified,0,1,83,0.842105,0.857143,0.827586,29,False,0.551724
stratified,0,1,84,0.666667,0.617647,0.724138,29,False,0.551724
stratified,0,1,85,0.877193,0.892857,0.862069,29,False,0.758621
stratified,0,1,86,0.592593,0.64,0.551724,29,False,0.275862
stratified,0,1,87,0.842105,0.857143,0.827586,29,False,0.655172
stratified,0,1,88,0.666667,0.52,0.928571,28,False,0.535714
stratified,0,1,89,0.736842,0.75,0.724138,29,False,0.724138
stratified,0,2,0,0.318182,0.4375,0.25,28,False,0.0714286
stratified,0,2,1,0.8125,0.742857,0.896552,29,False,0.689655
stratified,0,2,2,0.688525,0.65625,0.724138,29,False,0.413793
stratified,0,2,3,0.935484,0.878788,1,29,False,0.586207
stratified,0,2,4,0.740741,0.769231,0.714286,28,True,0.428571
stratified,0,2,5,0.881356,0.8125,0.962963,27,False,0.444444
stratified,0,2,6,0.830189,0.916667,0.758621,29,False,0.241379
stratified,0,2,7,0.44,0.52381,0.37931,29,True,0.241379
stratified,0,2,8,0.693333,0.565217,0.896552,29,False,0.724138
stratified,0,2,9,0.703704,0.76,0.655172,29,False,0.413793
stratified,0,2,10,0.36,0.428571,0.310345,29,False,0.517241
stratified,0,2,11,0.779661,0.741935,0.821429,28,False,0.607143
stratified,0,2,12,0.703704,0.76,0.655172,29,True,0.448276
stratified,0,2,13,0.821429,0.821429,0.821429,28,False,0.5
stratified,0,2,14,0.693878,0.809524,0.607143,28,False,0.5
stratified,0,2,15,0.9,0.870968,0.931034,29,False,0.965517
stratified,0,2,16,0.641509,0.708333,0.586207,29,False,0.206897
stratified,0,2,17,0.685714,0.585366,0.827586,29,False,0.586207
stratified,0,2,18,0.830189,0.916667,0.758621,29,False,0.896552
stratified,0,2,19,0.478261,0.647059,0.37931,29,False,0.344828
stratified,0,2,20,0.596491,0.586207,0.607143,28,False,0.5
stratified,0,2,21,0.779661,0.766667,0.793103,29,False,0.310345
stratified,0,2,22,0.814815,0.846154,0.785714,28,True,0.321429
stratified,0,2,23,0.657895,0.531915,0.862069,29,False,0.793103
stratified,0,2,24,0.786885,0.75,0.827586,29,False,0.655172
stratified,0,2,25,0.636364,0.875,0.5,28,False,0.535714
stratified,0,2,26,0.95082,0.90625,1,29,False,0.931034
stratified,0,2,27,0.698413,0.647059,0.758621,29,False,0.275862
stratified,0,2,28,1,1,1,29,False,0.62069
stratified,0,2,29,0.827586,0.827586,0.827586,29,False,0.62069
stratified,0,2,30,0.428571,0.444444,0.413793,29,False,0.310345
stratified,0,2,31,0.949153,0.933333,0.965517,29,False,0.758621
stratified,0,2,32,0.870968,0.818182,0.931034,29,False,0.517241
stratified,0,2,33,0.8125,0.742857,0.896552,29,False,0.827586
stratified,0,2,34,0.588235,0.681818,0.517241,29,False,0.482759
stratified,0,2,35,0.933333,0.903226,0.965517,29,False,0.931034
stratified,0,2,36,0.8,0.774194,0.827586,29,False,0.344828
stratified,0,2,37,0.425532,0.555556,0.344828,29,False,0.344828
stratified,0,2,38,0.577778,0.764706,0.464286,28,True,0.0357143
stratified,0,2,39,0.596491,0.607143,0.586207,29,False,0.482759
stratified,0,2,40,0.612903,0.575758,0.655172,29,False,0.482759
stratified,0,2,41,0.416667,0.348837,0.517241,29,False,0.310345
stratified,0,2,42,0.477612,0.421053,0.551724,29,False,0.413793
stratified,0,2,43,0.606061,0.526316,0.714286,28,False,0.5
stratified,0,2,44,0.52,0.619048,0.448276,29,False,0.37931
stratified,0,2,45,0.54902,0.608696,0.5,28,True,0.142857
stratified,0,2,46,0.592593,0.64,0.551724,29,False,0.310345
stratified,0,2,47,0.847458,0.833333,0.862069,29,False,0.448276
stratified,0,2,48,0.870968,0.818182,0.931034,29,False,0.862069
stratified,0,2,49,0.130435,0.176471,0.103448,29,False,0.344828
stratified,0,2,50,0.964286,1,0.931034,29,False,0.896552
stratified,0,2,51,0.12,0.136364,0.107143,28,False,0.428571
stratified,0,2,52,0.222222,0.3125,0.172414,29,False,0.344828
stratified,0,2,53,0.909091,0.925926,0.892857,28,False,0.714286
stratified,0,2,54,0.705882,0.818182,0.62069,29,False,0.655172
stratified,0,2,55,0.745763,0.733333,0.758621,29,False,0.275862
stratified,0,2,56,0.771429,0.658537,0.931034,29,False,0.344828
stratified,0,2,57,0.77193,0.758621,0.785714,28,False,0.392857
stratified,0,2,58,0.692308,0.782609,0.62069,29,False,0.586207
stratified,0,2,59,0.655172,0.655172,0.655172,29,True,0.241379
stratified,0,2,60,0.819672,0.78125,0.862069,29,True,0.206897
stratified,0,2,61,0.654545,0.692308,0.62069,29,True,0.344828
stratified,0,2,62,0.785714,0.814815,0.758621,29,False,0.344828
stratified,0,2,63,0.716418,0.631579,0.827586,29,True,0.241379
stratified,0,2,64,0.716981,0.76,0.678571,28,True,0.464286
stratified,0,2,65,0.627451,0.727273,0.551724,29,True,0.241379
stratified,0,2,66,0.541667,0.684211,0.448276,29,True,0.137931
stratified,0,2,67,0.966667,0.935484,1,29,False,0.655172
stratified,0,2,68,0.862069,0.862069,0.862069,29,False,0.931034
stratified,0,2,69,0.666667,0.645161,0.689655,29,False,0.482759
stratified,0,2,70,0.385965,0.392857,0.37931,29,True,0.172414
stratified,0,2,71,0.633333,0.59375,0.678571,28,True,0.428571
stratified,0,2,72,0.739726,0.613636,0.931034,29,False,0.758621
stratified,0,2,73,0.440678,0.433333,0.448276,29,False,0.482759
stratified,0,2,74,0.949153,0.933333,0.965517,29,False,0.793103
stratified,0,2,75,0.931034,0.931034,0.931034,29,False,0.827586
stratified,0,2,76,0.793103,0.766667,0.821429,28,False,0.857143
stratified,0,2,77,0.877193,0.892857,0.862069,29,False,0.689655
stratified,0,2,78,0.933333,0.903226,0.965517,29,True,0.758621
stratified,0,2,79,0.928571,0.928571,0.928571,28,True,0.178571
stratified,0,2,80,0.431373,0.5,0.37931,29,False,0.448276
stratified,0,2,81,0.541667,0.65,0.464286,28,False,0.428571
stratified,0,2,82,0.745763,0.733333,0.758621,29,False,0.62069
stratified,0,2,83,0.827586,0.827586,0.827586,29,False,0.551724
stratified,0,2,84,0.606061,0.540541,0.689655,29,False,0.551724
stratified,0,2,85,0.872727,0.923077,0.827586,29,False,0.758621
stratified,0,2,86,0.571429,0.592593,0.551724,29,False,0.275862
stratified,0,2,87,0.825397,0.764706,0.896552,29,False,0.655172
stratified,0,2,88,0.623377,0.489796,0.857143,28,False,0.535714
stratified,0,2,89,0.736842,0.75,0.724138,29,False,0.724138
stratified,0,3,0,0.232558,0.333333,0.178571,28,False,0.0714286
stratified,0,3,1,0.807018,0.821429,0.793103,29,False,0.689655
stratified,0,3,2,0.754717,0.833333,0.689655,29,False,0.413793
stratified,0,3,3,0.912281,0.928571,0.896552,29,False,0.586207
stratified,0,3,4,0.679245,0.72,0.642857,28,True,0.428571
stratified,0,3,5,0.877193,0.833333,0.925926,27,False,0.444444
stratified,0,3,6,0.857143,0.888889,0.827586,29,False,0.241379
stratified,0,3,7,0.509804,0.590909,0.448276,29,True,0.241379
stratified,0,3,8,0.806452,0.757576,0.862069,29,False,0.724138
stratified,0,3,9,0.777778,0.84,0.724138,29,False,0.413793
stratified,0,3,10,0.444444,0.411765,0.482759,29,False,0.517241
stratified,0,3,11,0.842105,0.827586,0.857143,28,False,0.607143
stratified,0,3,12,0.763636,0.807692,0.724138,29,True,0.448276
stratified,0,3,13,0.8,0.814815,0.785714,28,False,0.5
stratified,0,3,14,0.847458,0.806452,0.892857,28,False,0.5
stratified,0,3,15,0.966667,0.935484,1,29,False,0.965517
stratified,0,3,16,0.679245,0.75,0.62069,29,False,0.206897
stratified,0,3,17,0.711864,0.7,0.724138,29,False,0.586207
stratified,0,3,18,0.846154,0.956522,0.758621,29,False,0.896552
stratified,0,3,19,0.653846,0.73913,0.586207,29,False,0.344828
stratified,0,3,20,0.766667,0.71875,0.821429,28,False,0.5
stratified,0,3,21,0.833333,0.806452,0.862069,29,False,0.310345
stratified,0,3,22,0.777778,0.807692,0.75,28,True,0.321429
stratified,0,3,23,0.842105,0.857143,0.827586,29,False,0.793103
stratified,0,3,24,0.896552,0.896552,0.896552,29,False,0.655172
stratified,0,3,25,0.754717,0.8,0.714286,28,False,0.535714
stratified,0,3,26,0.918033,0.875,0.965517,29,False,0.931034
stratified,0,3,27,0.8,0.774194,0.827586,29,False,0.275862
stratified,0,3,28,1,1,1,29,False,0.62069
stratified,0,3,29,0.933333,0.903226,0.965517,29,False,0.62069
stratified,0,3,30,0.46875,0.428571,0.517241,29,False,0.310345
stratified,0,3,31,0.933333,0.903226,0.965517,29,False,0.758621
stratified,0,3,32,0.912281,0.928571,0.896552,29,False,0.517241
stratified,0,3,33,0.78125,0.714286,0.862069,29,False,0.827586
stratified,0,3,34,0.701754,0.714286,0.689655,29,False,0.482759
stratified,0,3,35,0.947368,0.964286,0.931034,29,False,0.931034
stratified,0,3,36,0.83871,0.787879,0.896552,29,False,0.344828
stratified,0,3,37,0.571429,0.7,0.482759,29,False,0.344828
stratified,0,3,38,0.705882,0.782609,0.642857,28,True,0.0357143
stratified,0,3,39,0.65625,0.6,0.724138,29,False,0.482759
stratified,0,3,40,0.666667,0.645161,0.689655,29,False,0.482759
stratified,0,3,41,0.393443,0.375,0.413793,29,False,0.310345
stratified,0,3,42,0.553846,0.5,0.62069,29,False,0.413793
stratified,0,3,43,0.636364,0.552632,0.75,28,False,0.5
stratified,0,3,44,0.75,0.777778,0.724138,29,False,0.37931
stratified,0,3,45,0.576923,0.625,0.535714,28,True,0.142857
stratified,0,3,46,0.777778,0.84,0.724138,29,False,0.310345
stratified,0,3,47,0.8,0.846154,0.758621,29,False,0.448276
stratified,0,3,48,0.875,0.8,0.965517,29,False,0.862069
stratified,0,3,49,0.133333,0.1875,0.103448,29,False,0.344828
stratified,0,3,50,0.965517,0.965517,0.965517,29,False,0.896552
stratified,0,3,51,0.259259,0.269231,0.25,28,False,0.428571
stratified,0,3,52,0.357143,0.37037,0.344828,29,False,0.344828
stratified,0,3,53,0.962963,1,0.928571,28,False,0.714286
stratified,0,3,54,0.666667,0.678571,0.655172,29,False,0.655172
stratified,0,3,55,0.727273,0.648649,0.827586,29,False,0.275862
stratified,0,3,56,0.819672,0.78125,0.862069,29,False,0.344828
stratified,0,3,57,0.842105,0.827586,0.857143,28,False,0.392857
stratified,0,3,58,0.754717,0.833333,0.689655,29,False,0.586207
stratified,0,3,59,0.724138,0.724138,0.724138,29,True,0.241379
stratified,0,3,60,0.8,0.722222,0.896552,29,True,0.206897
stratified,0,3,61,0.777778,0.84,0.724138,29,True,0.344828
stratified,0,3,62,0.896552,0.896552,0.896552,29,False,0.344828
stratified,0,3,63,0.633333,0.612903,0.655172,29,True,0.241379
stratified,0,3,64,0.792453,0.84,0.75,28,True,0.464286
stratified,0,3,65,0.711864,0.7,0.724138,29,True,0.241379
stratified,0,3,66,0.588235,0.681818,0.517241,29,True,0.137931
stratified,0,3,67,0.983051,0.966667,1,29,False,0.655172
stratified,0,3,68,0.964286,1,0.931034,29,False,0.931034
stratified,0,3,69,0.766667,0.741935,0.793103,29,False,0.482759
stratified,0,3,70,0.474576,0.466667,0.482759,29,True,0.172414
stratified,0,3,71,0.689655,0.666667,0.714286,28,True,0.428571
stratified,0,3,72,0.8,0.774194,0.827586,29,False,0.758621
stratified,0,3,73,0.4,0.423077,0.37931,29,False,0.482759
stratified,0,3,74,0.949153,0.933333,0.965517,29,False,0.793103
stratified,0,3,75,0.982456,1,0.965517,29,False,0.827586
stratified,0,3,76,0.851852,0.884615,0.821429,28,False,0.857143
stratified,0,3,77,0.866667,0.83871,0.896552,29,False,0.689655
stratified,0,3,78,0.95082,0.90625,1,29,True,0.758621
stratified,0,3,79,0.896552,0.866667,0.928571,28,True,0.178571
stratified,0,3,80,0.576271,0.566667,0.586207,29,False,0.448276
stratified,0,3,81,0.612245,0.714286,0.535714,28,False,0.428571
stratified,0,3,82,0.736842,0.75,0.724138,29,False,0.62069
stratified,0,3,83,0.807018,0.821429,0.793103,29,False,0.551724
stratified,0,3,84,0.69697,0.621622,0.793103,29,False,0.551724
stratified,0,3,85,0.903226,0.848485,0.965517,29,False,0.758621
stratified,0,3,86,0.666667,0.678571,0.655172,29,False,0.275862
stratified,0,3,87,0.966667,0.935484,1,29,False,0.655172
stratified,0,3,88,0.666667,0.560976,0.821429,28,False,0.535714
stratified,0,3,89,0.793103,0.793103,0.793103,29,False,0.724138
stratified,0,4,0,0.297872,0.368421,0.25,28,False,0.0714286
stratified,0,4,1,0.949153,0.933333,0.965517,29,False,0.689655
stratified,0,4,2,0.766667,0.741935,0.793103,29,False,0.413793
stratified,0,4,3,0.9,0.870968,0.931034,29,False,0.586207
stratified,0,4,4,0.666667,0.692308,0.642857,28,True,0.428571
stratified,0,4,5,0.943396,0.961538,0.925926,27,False,0.444444
stratified,0,4,6,0.892857,0.925926,0.862069,29,False,0.241379
stratified,0,4,7,0.627451,0.727273,0.551724,29,True,0.241379
stratified,0,4,8,0.80597,0.710526,0.931034,29,False,0.724138
stratified,0,4,9,0.842105,0.857143,0.827586,29,False,0.413793
stratified,0,4,10,0.444444,0.48,0.413793,29,False,0.517241
stratified,0,4,11,0.896552,0.866667,0.928571,28,False,0.607143
stratified,0,4,12,0.740741,0.8,0.689655,29,True,0.448276
stratified,0,4,13,0.851852,0.884615,0.821429,28,False,0.5
stratified,0,4,14,0.852459,0.787879,0.928571,28,False,0.5
stratified,0,4,15,0.9,0.870968,0.931034,29,False,0.965517
stratified,0,4,16,0.679245,0.75,0.62069,29,False,0.206897
stratified,0,4,17,0.714286,0.740741,0.689655,29,False,0.586207
stratified,0,4,18,0.888889,0.96,0.827586,29,False,0.896552
stratified,0,4,19,0.766667,0.741935,0.793103,29,False,0.344828
stratified,0,4,20,0.758621,0.733333,0.785714,28,False,0.5
stratified,0,4,21,0.730769,0.826087,0.655172,29,False,0.310345
stratified,0,4,22,0.846154,0.916667,0.785714,28,True,0.321429
stratified,0,4,23,0.8125,0.742857,0.896552,29,False,0.793103
stratified,0,4,24,0.9,0.870968,0.931034,29,False,0.655172
stratified,0,4,25,0.627451,0.695652,0.571429,28,False,0.535714
stratified,0,4,26,0.949153,0.933333,0.965517,29,False,0.931034
stratified,0,4,27,0.786885,0.75,0.827586,29,False,0.275862
stratified,0,4,28,0.982456,1,0.965517,29,False,0.62069
stratified,0,4,29,0.885246,0.84375,0.931034,29,False,0.62069
stratified,0,4,30,0.411765,0.358974,0.482759,29,False,0.310345
stratified,0,4,31,0.949153,0.933333,0.965517,29,False,0.758621
stratified,0,4,32,0.90625,0.828571,1,29,False,0.517241
stratified,0,4,33,0.733333,0.709677,0.758621,29,False,0.827586
stratified,0,4,34,0.677966,0.666667,0.689655,29,False,0.482759
stratified,0,4,35,0.918033,0.875,0.965517,29,False,0.931034
stratified,0,4,36,0.877193,0.892857,0.862069,29,False,0.344828
stratified,0,4,37,0.666667,0.72,0.62069,29,False,0.344828
stratified,0,4,38,0.666667,0.8,0.571429,28,True,0.0357143
stratified,0,4,39,0.677966,0.666667,0.689655,29,False,0.482759
stratified,0,4,40,0.763636,0.807692,0.724138,29,False,0.482759
stratified,0,4,41,0.412698,0.382353,0.448276,29,False,0.310345
stratified,0,4,42,0.515152,0.459459,0.586207,29,False,0.413793
stratified,0,4,43,0.6875,0.611111,0.785714,28,False,0.5
stratified,0,4,44,0.62069,0.62069,0.62069,29,False,0.37931
stratified,0,4,45,0.62963,0.653846,0.607143,28,True,0.142857
stratified,0,4,46,0.68,0.809524,0.586207,29,False,0.310345
stratified,0,4,47,0.881356,0.866667,0.896552,29,False,0.448276
stratified,0,4,48,0.903226,0.848485,0.965517,29,False,0.862069
stratified,0,4,49,0.238095,0.384615,0.172414,29,False,0.344828
stratified,0,4,50,0.947368,0.964286,0.931034,29,False,0.896552
stratified,0,4,51,0.156863,0.173913,0.142857,28,False,0.428571
stratified,0,4,52,0.367347,0.45,0.310345,29,False,0.344828
stratified,0,4,53,0.981818,1,0.964286,28,False,0.714286
stratified,0,4,54,0.769231,0.869565,0.689655,29,False,0.655172
stratified,0,4,55,0.703704,0.76,0.655172,29,False,0.275862
stratified,0,4,56,0.848485,0.756757,0.965517,29,False,0.344828
stratified,0,4,57,0.83871,0.764706,0.928571,28,False,0.392857
stratified,0,4,58,0.785714,0.814815,0.758621,29,False,0.586207
stratified,0,4,59,0.777778,0.84,0.724138,29,True,0.241379
stratified,0,4,60,0.866667,0.83871,0.896552,29,True,0.206897
stratified,0,4,61,0.807692,0.913043,0.724138,29,True,0.344828
stratified,0,4,62,0.877193,0.892857,0.862069,29,False,0.344828
stratified,0,4,63,0.689655,0.689655,0.689655,29,True,0.241379
stratified,0,4,64,0.836364,0.851852,0.821429,28,True,0.464286
stratified,0,4,65,0.714286,0.740741,0.689655,29,True,0.241379
stratified,0,4,66,0.627451,0.727273,0.551724,29,True,0.137931
stratified,0,4,67,1,1,1,29,False,0.655172
stratified,0,4,68,0.912281,0.928571,0.896552,29,False,0.931034
stratified,0,4,69,0.730159,0.676471,0.793103,29,False,0.482759
stratified,0,4,70,0.539683,0.5,0.586207,29,True,0.172414
stratified,0,4,71,0.62069,0.6,0.642857,28,True,0.428571
stratified,0,4,72,0.83871,0.787879,0.896552,29,False,0.758621
stratified,0,4,73,0.47619,0.441176,0.517241,29,False,0.482759
stratified,0,4,74,0.933333,0.903226,0.965517,29,False,0.793103
stratified,0,4,75,0.947368,0.964286,0.931034,29,False,0.827586
stratified,0,4,76,0.758621,0.733333,0.785714,28,False,0.857143
stratified,0,4,77,0.9,0.870968,0.931034,29,False,0.689655
stratified,0,4,78,0.949153,0.933333,0.965517,29,True,0.758621
stratified,0,4,79,0.881356,0.83871,0.928571,28,True,0.178571
stratified,0,4,80,0.518519,0.56,0.482759,29,False,0.448276
stratified,0,4,81,0.690909,0.703704,0.678571,28,False,0.428571
stratified,0,4,82,0.730159,0.676471,0.793103,29,False,0.62069
stratified,0,4,83,0.842105,0.857143,0.827586,29,False,0.551724
stratified,0,4,84,0.655172,0.655172,0.655172,29,False,0.551724
stratified,0,4,85,0.872727,0.923077,0.827586,29,False,0.758621
stratified,0,4,86,0.567164,0.5,0.655172,29,False,0.275862
stratified,0,4,87,0.892857,0.925926,0.862069,29,False,0.655172
stratified,0,4,88,0.625,0.555556,0.714286,28,False,0.535714
stratified,0,4,89,0.766667,0.741935,0.793103,29,False,0.724138
stratified,0,5,0,0.292683,0.461538,0.214286,28,False,0.0714286
stratified,0,5,1,0.766667,0.741935,0.793103,29,False,0.689655
stratified,0,5,2,0.711864,0.7,0.724138,29,False,0.413793
stratified,0,5,3,0.896552,0.896552,0.896552,29,False,0.586207
stratified,0,5,4,0.566667,0.53125,0.607143,28,True,0.428571
stratified,0,5,5,0.872727,0.857143,0.888889,27,False,0.444444
stratified,0,5,6,0.8,0.846154,0.758621,29,False,0.241379
stratified,0,5,7,0.36,0.428571,0.310345,29,True,0.241379
stratified,0,5,8,0.704225,0.595238,0.862069,29,False,0.724138
stratified,0,5,9,0.6,0.714286,0.517241,29,False,0.413793
stratified,0,5,10,0.367347,0.45,0.310345,29,False,0.517241
stratified,0,5,11,0.8,0.814815,0.785714,28,False,0.607143
stratified,0,5,12,0.666667,0.678571,0.655172,29,True,0.448276
stratified,0,5,13,0.821429,0.821429,0.821429,28,False,0.5
stratified,0,5,14,0.654545,0.666667,0.642857,28,False,0.5
stratified,0,5,15,0.881356,0.866667,0.896552,29,False,0.965517
stratified,0,5,16,0.571429,0.7,0.482759,29,False,0.206897
stratified,0,5,17,0.677419,0.636364,0.724138,29,False,0.586207
stratified,0,5,18,0.727273,0.769231,0.689655,29,False,0.896552
stratified,0,5,19,0.482759,0.482759,0.482759,29,False,0.344828
stratified,0,5,20,0.509091,0.518519,0.5,28,False,0.5
stratified,0,5,21,0.688525,0.65625,0.724138,29,False,0.310345
stratified,0,5,22,0.8,0.814815,0.785714,28,True,0.321429
stratified,0,5,23,0.735294,0.641026,0.862069,29,False,0.793103
stratified,0,5,24,0.741935,0.69697,0.793103,29,False,0.655172
stratified,0,5,25,0.68,0.772727,0.607143,28,False,0.535714
stratified,0,5,26,0.920635,0.852941,1,29,False,0.931034
stratified,0,5,27,0.588235,0.512821,0.689655,29,False,0.275862
stratified,0,5,28,0.982456,1,0.965517,29,False,0.62069
stratified,0,5,29,0.888889,0.823529,0.965517,29,False,0.62069
stratified,0,5,30,0.357143,0.37037,0.344828,29,False,0.310345
stratified,0,5,31,0.949153,0.933333,0.965517,29,False,0.758621
stratified,0,5,32,0.825397,0.764706,0.896552,29,False,0.517241
stratified,0,5,33,0.8,0.774194,0.827586,29,False,0.827586
stratified,0,5,34,0.603774,0.666667,0.551724,29,False,0.482759
stratified,0,5,35,0.947368,0.964286,0.931034,29,False,0.931034
stratified,0,5,36,0.754098,0.71875,0.793103,29,False,0.344828
stratified,0,5,37,0.491228,0.5,0.482759,29,False,0.344828
stratified,0,5,38,0.52,0.590909,0.464286,28,True,0.0357143
stratified,0,5,39,0.555556,0.6,0.517241,29,False,0.482759
stratified,0,5,40,0.634921,0.588235,0.689655,29,False,0.482759
stratified,0,5,41,0.361111,0.302326,0.448276,29,False,0.310345
stratified,0,5,42,0.424242,0.378378,0.482759,29,False,0.413793
stratified,0,5,43,0.492754,0.414634,0.607143,28,False,0.5
stratified,0,5,44,0.431373,0.5,0.37931,29,False,0.37931
stratified,0,5,45,0.538462,0.583333,0.5,28,True,0.142857
stratified,0,5,46,0.518519,0.56,0.482759,29,False,0.310345
stratified,0,5,47,0.766667,0.741935,0.793103,29,False,0.448276
stratified,0,5,48,0.875,0.8,0.965517,29,False,0.862069
stratified,0,5,49,0.190476,0.307692,0.137931,29,False,0.344828
stratified,0,5,50,0.964286,1,0.931034,29,False,0.896552
stratified,0,5,51,0.226415,0.24,0.214286,28,False,0.428571
stratified,0,5,52,0.269231,0.304348,0.241379,29,False,0.344828
stratified,0,5,53,0.90566,0.96,0.857143,28,False,0.714286
stratified,0,5,54,0.571429,0.592593,0.551724,29,False,0.655172
stratified,0,5,55,0.596491,0.607143,0.586207,29,False,0.275862
stratified,0,5,56,0.709677,0.666667,0.758621,29,False,0.344828
stratified,0,5,57,0.709677,0.647059,0.785714,28,False,0.392857
stratified,0,5,58,0.716981,0.791667,0.655172,29,False,0.586207
stratified,0,5,59,0.530612,0.65,0.448276,29,True,0.241379
stratified,0,5,60,0.666667,0.72,0.62069,29,True,0.206897
stratified,0,5,61,0.612903,0.575758,0.655172,29,True,0.344828
stratified,0,5,62,0.77193,0.785714,0.758621,29,False,0.344828
stratified,0,5,63,0.6,0.580645,0.62069,29,True,0.241379
stratified,0,5,64,0.705882,0.782609,0.642857,28,True,0.464286
stratified,0,5,65,0.642857,0.666667,0.62069,29,True,0.241379
stratified,0,5,66,0.588235,0.681818,0.517241,29,True,0.137931
stratified,0,5,67,0.949153,0.933333,0.965517,29,False,0.655172
stratified,0,5,68,0.888889,0.96,0.827586,29,False,0.931034
stratified,0,5,69,0.636364,0.567568,0.724138,29,False,0.482759
stratified,0,5,70,0.448276,0.448276,0.448276,29,True,0.172414
stratified,0,5,71,0.701754,0.689655,0.714286,28,True,0.428571
stratified,0,5,72,0.8125,0.742857,0.896552,29,False,0.758621
stratified,0,5,73,0.305085,0.3,0.310345,29,False,0.482759
stratified,0,5,74,0.933333,0.903226,0.965517,29,False,0.793103
stratified,0,5,75,0.888889,0.96,0.827586,29,False,0.827586
stratified,0,5,76,0.777778,0.807692,0.75,28,False,0.857143
stratified,0,5,77,0.862069,0.862069,0.862069,29,False,0.689655
stratified,0,5,78,0.966667,0.935484,1,29,True,0.758621
stratified,0,5,79,0.931034,0.9,0.964286,28,True,0.178571
stratified,0,5,80,0.431373,0.5,0.37931,29,False,0.448276
stratified,0,5,81,0.64,0.727273,0.571429,28,False,0.428571
stratified,0,5,82,0.695652,0.6,0.827586,29,False,0.62069
stratified,0,5,83,0.819672,0.78125,0.862069,29,False,0.551724
stratified,0,5,84,0.545455,0.486486,0.62069,29,False,0.551724
stratified,0,5,85,0.842105,0.857143,0.827586,29,False,0.758621
stratified,0,5,86,0.52,0.619048,0.448276,29,False,0.275862
stratified,0,5,87,0.836364,0.884615,0.793103,29,False,0.655172
stratified,0,5,88,0.571429,0.44898,0.785714,28,False,0.535714
stratified,0,5,89,0.75,0.777778,0.724138,29,False,0.724138
