fold,seed,cls,train_session,heldout_session,recall,own_session_pred,direction
0,0,4,0,8,0.0625,0.833333,train other → test session 8
0,0,7,8,1,0,0.125,train session 8 → test other
0,0,12,8,1,0,0.1875,train session 8 → test other
0,0,22,2,8,0.488889,0.0888889,train other → test session 8
0,0,38,8,3,0,0.104167,train session 8 → test other
0,0,45,4,8,0,0.916667,train other → test session 8
0,0,59,8,5,0.208333,0.5,train session 8 → test other
0,0,60,8,5,0.375,0.354167,train session 8 → test other
0,0,61,5,8,0.166667,0.791667,train other → test session 8
0,0,63,5,8,0.0208333,0.979167,train other → test session 8
0,0,64,5,8,0.583333,0.416667,train other → test session 8
0,0,65,8,5,0.166667,0.125,train session 8 → test other
0,0,66,8,5,0.0416667,0.625,train session 8 → test other
0,0,70,5,8,0.0208333,0.979167,train other → test session 8
0,0,71,8,5,0.125,0.291667,train session 8 → test other
0,0,78,7,8,0.854167,0,train other → test session 8
0,0,79,7,8,0,0.5,train other → test session 8
0,1,4,0,8,0.0208333,0.875,train other → test session 8
0,1,7,8,1,0,0.0833333,train session 8 → test other
0,1,12,8,1,0,0.1875,train session 8 → test other
0,1,22,2,8,0.311111,0.2,train other → test session 8
0,1,38,8,3,0,0.0833333,train session 8 → test other
0,1,45,4,8,0,0.9375,train other → test session 8
0,1,59,8,5,0.0625,0.583333,train session 8 → test other
0,1,60,8,5,0.208333,0.5625,train session 8 → test other
0,1,61,5,8,0.104167,0.708333,train other → test session 8
0,1,63,5,8,0.0208333,0.958333,train other → test session 8
0,1,64,5,8,0.458333,0.541667,train other → test session 8
0,1,65,8,5,0.0833333,0.125,train session 8 → test other
0,1,66,8,5,0.0208333,0.5625,train session 8 → test other
0,1,70,5,8,0,1,train other → test session 8
0,1,71,8,5,0.0208333,0.354167,train session 8 → test other
0,1,78,7,8,0.9375,0,train other → test session 8
0,1,79,7,8,0,0.270833,train other → test session 8
0,2,4,0,8,0.0208333,0.854167,train other → test session 8
0,2,7,8,1,0,0.0625,train session 8 → test other
0,2,12,8,1,0,0.229167,train session 8 → test other
0,2,22,2,8,0.355556,0.222222,train other → test session 8
0,2,38,8,3,0,0.166667,train session 8 → test other
0,2,45,4,8,0,1,train other → test session 8
0,2,59,8,5,0.104167,0.520833,train session 8 → test other
0,2,60,8,5,0.166667,0.5625,train session 8 → test other
0,2,61,5,8,0.145833,0.75,train other → test session 8
0,2,63,5,8,0.0208333,0.895833,train other → test session 8
0,2,64,5,8,0.5,0.5,train other → test session 8
0,2,65,8,5,0.0833333,0.229167,train session 8 → test other
0,2,66,8,5,0.0208333,0.6875,train session 8 → test other
0,2,70,5,8,0,0.979167,train other → test session 8
0,2,71,8,5,0.0416667,0.208333,train session 8 → test other
0,2,78,7,8,0.9375,0,train other → test session 8
0,2,79,7,8,0,0.541667,train other → test session 8
1,0,4,8,0,0,0.104167,train session 8 → test other
1,0,7,1,8,0,0.979167,train other → test session 8
1,0,12,1,8,0,0.333333,train other → test session 8
1,0,22,8,2,0.458333,0.0416667,train session 8 → test other
1,0,38,8,3,0,0.520833,train session 8 → test other
1,0,45,8,4,0,0.851064,train session 8 → test other
1,0,59,8,5,0.166667,0.4375,train session 8 → test other
1,0,60,5,8,0.541667,0.395833,train other → test session 8
1,0,61,5,8,0.104167,0.666667,train other → test session 8
1,0,63,5,8,0.0416667,0.958333,train other → test session 8
1,0,64,8,5,0.208333,0.625,train session 8 → test other
1,0,65,8,5,0.104167,0.208333,train session 8 → test other
1,0,66,5,8,0.0416667,0.958333,train other → test session 8
1,0,70,8,5,0.0833333,0.625,train session 8 → test other
1,0,71,8,5,0.104167,0.354167,train session 8 → test other
1,0,78,7,8,0.895833,0,train other → test session 8
1,0,79,8,7,0,0,train session 8 → test other
1,1,4,8,0,0,0.0625,train session 8 → test other
1,1,7,1,8,0,0.979167,train other → test session 8
1,1,12,1,8,0,0.375,train other → test session 8
1,1,22,8,2,0.4375,0.0416667,train session 8 → test other
1,1,38,8,3,0,0.4375,train session 8 → test other
1,1,45,8,4,0,0.851064,train session 8 → test other
1,1,59,8,5,0.104167,0.541667,train session 8 → test other
1,1,60,5,8,0.604167,0.395833,train other → test session 8
1,1,61,5,8,0.208333,0.416667,train other → test session 8
1,1,63,5,8,0.0833333,0.875,train other → test session 8
1,1,64,8,5,0.0625,0.8125,train session 8 → test other
1,1,65,8,5,0.0625,0.0833333,train session 8 → test other
1,1,66,5,8,0.145833,0.8125,train other → test session 8
1,1,70,8,5,0.0625,0.604167,train session 8 → test other
1,1,71,8,5,0.0625,0.5,train session 8 → test other
1,1,78,7,8,0.916667,0,train other → test session 8
1,1,79,8,7,0,0,train session 8 → test other
1,2,4,8,0,0,0.0416667,train session 8 → test other
1,2,7,1,8,0,0.979167,train other → test session 8
1,2,12,1,8,0,0.166667,train other → test session 8
1,2,22,8,2,0.291667,0.0416667,train session 8 → test other
1,2,38,8,3,0,0.583333,train session 8 → test other
1,2,45,8,4,0,0.808511,train session 8 → test other
1,2,59,8,5,0.0833333,0.5,train session 8 → test other
1,2,60,5,8,0.5,0.5,train other → test session 8
1,2,61,5,8,0.166667,0.666667,train other → test session 8
1,2,63,5,8,0.0208333,0.916667,train other → test session 8
1,2,64,8,5,0.0625,0.833333,train session 8 → test other
1,2,65,8,5,0.0625,0.0833333,train session 8 → test other
1,2,66,5,8,0.0416667,0.958333,train other → test session 8
1,2,70,8,5,0.0416667,0.625,train session 8 → test other
1,2,71,8,5,0.0416667,0.3125,train session 8 → test other
1,2,78,7,8,0.9375,0,train other → test session 8
1,2,79,8,7,0,0,train session 8 → test other
