k,mean,std,size,family,split
8,0.5274,0.0184,3,uniform,calib
16,0.5794,0.0038,3,uniform,calib
32,0.5911,0.0029,2,uniform,calib
64,0.5804,0.0121,2,uniform,calib
128,0.5686,0.0087,2,uniform,calib
256,0.5488,0.0024,2,uniform,calib
16,0.5727,0.0155,4,uniform430,calib
24,0.6025,0.0065,4,uniform430,calib
32,0.6009,0.008,4,uniform430,calib
48,0.5961,0.0231,4,uniform430,calib
64,0.5805,0.0062,4,uniform430,calib
128,0.565,0.0112,4,uniform430,calib
16,0.4298,0.0055,4,uniform,held-out
32,0.4549,0.0061,4,uniform,held-out
64,0.4577,0.0056,4,uniform,held-out
256,0.4367,0.0052,4,uniform,held-out
16,0.432,0.002,4,uniform430,held-out
32,0.4504,0.0054,4,uniform430,held-out
48,0.4525,0.0044,4,uniform430,held-out
64,0.4478,0.0025,4,uniform430,held-out
128,0.4418,0.0041,4,uniform430,held-out
