arm,fold,label,cross,destination_session,f1,recall,support,correct
equal_single,0,0,False,0,0.3076923076923077,0.3333333333333333,,
equal_single,0,1,False,0,0.7551020408163265,0.7708333333333334,,
equal_single,0,2,False,0,0.9278350515463918,0.9375,,
equal_single,0,3,False,0,0.9230769230769231,0.875,,
equal_single,0,4,True,8,0.5194805194805194,0.4166666666666667,,
equal_single,0,5,False,1,0.8541666666666666,0.8913043478260869,,
equal_single,0,6,False,1,0.5094339622641509,0.5625,,
equal_single,0,7,True,8,0.0,0.0,,
equal_single,0,8,False,1,0.7339449541284404,0.8333333333333334,,
equal_single,0,9,False,1,0.7346938775510204,0.75,,
equal_single,0,10,False,1,0.3191489361702128,0.3125,,
equal_single,0,11,False,1,0.5567010309278351,0.5625,,
equal_single,0,12,True,8,0.10909090909090909,0.0625,,
equal_single,0,13,False,1,0.8,0.75,,
equal_single,0,14,False,1,0.7524752475247525,0.7916666666666666,,
equal_single,0,15,False,1,0.8653846153846154,0.9375,,
equal_single,0,16,False,1,0.7222222222222222,0.8125,,
equal_single,0,17,False,1,0.6804123711340206,0.6875,,
equal_single,0,18,False,1,0.7551020408163265,0.7708333333333334,,
equal_single,0,19,False,1,0.5454545454545454,0.625,,
equal_single,0,20,False,2,0.6666666666666666,0.6458333333333334,,
equal_single,0,21,False,2,0.782608695652174,0.75,,
equal_single,0,22,True,2,0.6410256410256411,0.5208333333333334,,
equal_single,0,23,False,2,0.7169811320754716,0.7916666666666666,,
equal_single,0,24,False,2,0.8484848484848485,0.875,,
equal_single,0,25,False,2,0.5614035087719298,0.6666666666666666,,
equal_single,0,26,False,2,0.9494949494949495,0.9791666666666666,,
equal_single,0,27,False,2,0.5393258426966292,0.5,,
equal_single,0,28,False,2,0.9690721649484536,0.9791666666666666,,
equal_single,0,29,False,2,0.8842105263157894,0.875,,
equal_single,0,30,False,2,0.49504950495049505,0.5208333333333334,,
equal_single,0,31,False,2,0.8761904761904762,0.9583333333333334,,
equal_single,0,32,False,2,0.8571428571428571,0.875,,
equal_single,0,33,False,2,0.5544554455445545,0.5833333333333334,,
equal_single,0,34,False,3,0.6666666666666666,0.7083333333333334,,
equal_single,0,35,False,3,0.7580645161290323,0.9791666666666666,,
equal_single,0,36,False,3,0.875,0.875,,
equal_single,0,37,False,3,0.4946236559139785,0.4791666666666667,,
equal_single,0,38,True,3,0.0,0.0,,
equal_single,0,39,False,3,0.5818181818181818,0.6666666666666666,,
equal_single,0,40,False,3,0.6938775510204082,0.7083333333333334,,
equal_single,0,41,False,3,0.2926829268292683,0.25,,
equal_single,0,42,False,3,0.45977011494252873,0.4166666666666667,,
equal_single,0,43,False,4,0.55,0.6875,,
equal_single,0,44,False,4,0.6382978723404256,0.625,,
equal_single,0,45,True,4,0.03333333333333333,0.02127659574468085,,
equal_single,0,46,False,4,0.6590909090909091,0.6041666666666666,,
equal_single,0,47,False,4,0.8411214953271028,0.9375,,
equal_single,0,48,False,4,0.9166666666666666,0.9166666666666666,,
equal_single,0,49,False,4,0.13953488372093023,0.125,,
equal_single,0,50,False,4,0.9696969696969697,1.0,,
equal_single,0,51,False,4,0.13333333333333333,0.14583333333333334,,
equal_single,0,52,False,4,0.24175824175824176,0.22916666666666666,,
equal_single,0,53,False,4,0.8846153846153846,1.0,,
equal_single,0,54,False,4,0.5376344086021505,0.5208333333333334,,
equal_single,0,55,False,4,0.7391304347826086,0.7083333333333334,,
equal_single,0,56,False,4,0.8431372549019608,0.8958333333333334,,
equal_single,0,57,False,5,0.7083333333333334,0.7083333333333334,,
equal_single,0,58,False,5,0.7037037037037037,0.7916666666666666,,
equal_single,0,59,True,5,0.3142857142857143,0.22916666666666666,,
equal_single,0,60,True,5,0.4507042253521127,0.3333333333333333,,
equal_single,0,61,True,8,0.12195121951219512,0.10416666666666667,,
equal_single,0,62,False,5,0.6868686868686869,0.7083333333333334,,
equal_single,0,63,True,8,0.08823529411764706,0.0625,,
equal_single,0,64,True,5,0.27586206896551724,0.25,,
equal_single,0,65,True,5,0.13513513513513514,0.10416666666666667,,
equal_single,0,66,True,5,0.2898550724637681,0.20833333333333334,,
equal_single,0,67,False,5,0.9278350515463918,0.9375,,
equal_single,0,68,False,5,0.9574468085106383,0.9375,,
equal_single,0,69,False,5,0.5652173913043478,0.5416666666666666,,
equal_single,0,70,True,5,0.06896551724137931,0.041666666666666664,,
equal_single,0,71,True,5,0.056338028169014086,0.041666666666666664,,
equal_single,0,72,False,6,0.7428571428571429,0.8125,,
equal_single,0,73,False,6,0.4032258064516129,0.5208333333333334,,
equal_single,0,74,False,6,0.9411764705882353,1.0,,
equal_single,0,75,False,6,0.7663551401869159,0.8541666666666666,,
equal_single,0,76,False,6,0.7766990291262136,0.8333333333333334,,
equal_single,0,77,False,7,0.7474747474747475,0.7708333333333334,,
equal_single,0,78,True,7,0.6666666666666666,0.625,,
equal_single,0,79,True,8,0.2807017543859649,0.16666666666666666,,
equal_single,0,80,False,7,0.42592592592592593,0.4791666666666667,,
equal_single,0,81,False,7,0.40559440559440557,0.6304347826086957,,
equal_single,0,82,False,8,0.7010309278350515,0.7083333333333334,,
equal_single,0,83,False,8,0.7951807228915663,0.6875,,
equal_single,0,84,False,8,0.6067415730337079,0.5625,,
equal_single,0,85,False,8,0.7666666666666667,0.9583333333333334,,
equal_single,0,86,False,8,0.6436781609195402,0.5833333333333334,,
equal_single,0,87,False,8,0.8571428571428571,0.9375,,
equal_single,0,88,False,8,0.5655172413793104,0.8541666666666666,,
equal_single,0,89,False,8,0.6666666666666666,0.8958333333333334,,
equal_single,1,0,False,0,0.28368794326241137,0.4166666666666667,,
equal_single,1,1,False,0,0.7916666666666666,0.7916666666666666,,
equal_single,1,2,False,0,0.8842105263157894,0.875,,
equal_single,1,3,False,0,0.7777777777777778,0.875,,
equal_single,1,4,True,0,0.4473684210526316,0.3541666666666667,,
equal_single,1,5,False,1,0.8842105263157894,0.9333333333333333,,
equal_single,1,6,False,1,0.6172839506172839,0.5208333333333334,,
equal_single,1,7,True,1,0.0,0.0,,
equal_single,1,8,False,1,0.7551020408163265,0.7708333333333334,,
equal_single,1,9,False,1,0.8210526315789474,0.8125,,
equal_single,1,10,False,1,0.36585365853658536,0.3125,,
equal_single,1,11,False,1,0.4166666666666667,0.3125,,
equal_single,1,12,True,1,0.21818181818181817,0.125,,
equal_single,1,13,False,1,0.7090909090909091,0.8125,,
equal_single,1,14,False,1,0.693069306930693,0.7446808510638298,,
equal_single,1,15,False,1,0.734375,0.9791666666666666,,
equal_single,1,16,False,1,0.7079646017699115,0.8333333333333334,,
equal_single,1,17,False,1,0.6355140186915887,0.7083333333333334,,
equal_single,1,18,False,1,0.7816091954022989,0.7083333333333334,,
equal_single,1,19,False,1,0.4418604651162791,0.3958333333333333,,
equal_single,1,20,False,2,0.6170212765957447,0.6041666666666666,,
equal_single,1,21,False,2,0.6862745098039216,0.7291666666666666,,
equal_single,1,22,True,8,0.6666666666666666,0.6222222222222222,,
equal_single,1,23,False,2,0.7339449541284404,0.8333333333333334,,
equal_single,1,24,False,2,0.7920792079207921,0.8333333333333334,,
equal_single,1,25,False,2,0.5773195876288659,0.5833333333333334,,
equal_single,1,26,False,2,0.9591836734693877,0.9791666666666666,,
equal_single,1,27,False,2,0.47540983606557374,0.6041666666666666,,
equal_single,1,28,False,2,0.9484536082474226,0.9583333333333334,,
equal_single,1,29,False,2,0.8163265306122449,0.8333333333333334,,
equal_single,1,30,False,2,0.2736842105263158,0.2708333333333333,,
equal_single,1,31,False,2,0.8490566037735849,0.9375,,
equal_single,1,32,False,2,0.8089887640449438,0.75,,
equal_single,1,33,False,2,0.5494505494505495,0.5208333333333334,,
equal_single,1,34,False,3,0.5309734513274337,0.625,,
equal_single,1,35,False,3,0.8888888888888888,0.8333333333333334,,
equal_single,1,36,False,3,0.8653846153846154,0.9375,,
equal_single,1,37,False,3,0.5376344086021505,0.5208333333333334,,
equal_single,1,38,True,8,0.0,0.0,,
equal_single,1,39,False,3,0.6444444444444445,0.6041666666666666,,
equal_single,1,40,False,3,0.6206896551724138,0.75,,
equal_single,1,41,False,3,0.40476190476190477,0.3541666666666667,,
equal_single,1,42,False,3,0.4897959183673469,0.5,,
equal_single,1,43,False,4,0.4418604651162791,0.3958333333333333,,
equal_single,1,44,False,4,0.6888888888888889,0.6458333333333334,,
equal_single,1,45,True,8,0.1956521739130435,0.1875,,
equal_single,1,46,False,4,0.5,0.3958333333333333,,
equal_single,1,47,False,4,0.8131868131868132,0.7708333333333334,,
equal_single,1,48,False,4,0.9038461538461539,0.9791666666666666,,
equal_single,1,49,False,4,0.2268041237113402,0.22916666666666666,,
equal_single,1,50,False,4,0.8775510204081632,0.8958333333333334,,
equal_single,1,51,False,4,0.1,0.10416666666666667,,
equal_single,1,52,False,4,0.09523809523809523,0.0625,,
equal_single,1,53,False,4,0.8541666666666666,0.8541666666666666,,
equal_single,1,54,False,4,0.6666666666666666,0.625,,
equal_single,1,55,False,4,0.66,0.6875,,
equal_single,1,56,False,4,0.6017699115044248,0.7083333333333334,,
equal_single,1,57,False,5,0.7640449438202247,0.7391304347826086,,
equal_single,1,58,False,5,0.7058823529411765,0.625,,
equal_single,1,59,True,8,0.3157894736842105,0.25,,
equal_single,1,60,True,8,0.5679012345679012,0.4791666666666667,,
equal_single,1,61,True,5,0.12280701754385964,0.14583333333333334,,
equal_single,1,62,False,5,0.8260869565217391,0.7916666666666666,,
equal_single,1,63,True,5,0.09917355371900827,0.125,,
equal_single,1,64,True,8,0.46938775510204084,0.4791666666666667,,
equal_single,1,65,True,8,0.08571428571428572,0.0625,,
equal_single,1,66,True,8,0.12307692307692308,0.08333333333333333,,
equal_single,1,67,False,5,0.8598130841121495,0.9583333333333334,,
equal_single,1,68,False,5,0.9183673469387755,0.9375,,
equal_single,1,69,False,5,0.6868686868686869,0.7083333333333334,,
equal_single,1,70,True,8,0.17391304347826086,0.125,,
equal_single,1,71,True,8,0.029411764705882353,0.020833333333333332,,
equal_single,1,72,False,6,0.7755102040816326,0.7916666666666666,,
equal_single,1,73,False,6,0.4186046511627907,0.375,,
equal_single,1,74,False,6,0.8141592920353983,0.9583333333333334,,
equal_single,1,75,False,6,0.8363636363636363,0.9583333333333334,,
equal_single,1,76,False,6,0.8541666666666666,0.8541666666666666,,
equal_single,1,77,False,7,0.7959183673469388,0.8125,,
equal_single,1,78,True,8,0.6896551724137931,0.625,,
equal_single,1,79,True,7,0.09230769230769231,0.0625,,
equal_single,1,80,False,7,0.4631578947368421,0.4583333333333333,,
equal_single,1,81,False,7,0.5777777777777777,0.5416666666666666,,
equal_single,1,82,False,8,0.7058823529411765,0.75,,
equal_single,1,83,False,8,0.7857142857142857,0.9166666666666666,,
equal_single,1,84,False,8,0.591304347826087,0.7083333333333334,,
equal_single,1,85,False,8,0.8936170212765957,0.875,,
equal_single,1,86,False,8,0.6074074074074074,0.8541666666666666,,
equal_single,1,87,False,8,0.6962962962962963,0.9791666666666666,,
equal_single,1,88,False,8,0.4745762711864407,0.5833333333333334,,
equal_single,1,89,False,8,0.9130434782608695,0.875,,
hsi_single,0,0,False,0,0.21359223300970873,0.22916666666666666,,
hsi_single,0,1,False,0,0.76,0.7916666666666666,,
hsi_single,0,2,False,0,0.7755102040816326,0.7916666666666666,,
hsi_single,0,3,False,0,0.8775510204081632,0.8958333333333334,,
hsi_single,0,4,True,8,0.19672131147540983,0.125,,
hsi_single,0,5,False,1,0.8631578947368421,0.8913043478260869,,
hsi_single,0,6,False,1,0.4915254237288136,0.6041666666666666,,
hsi_single,0,7,True,8,0.0,0.0,,
hsi_single,0,8,False,1,0.6923076923076923,0.75,,
hsi_single,0,9,False,1,0.5773195876288659,0.5833333333333334,,
hsi_single,0,10,False,1,0.2978723404255319,0.2916666666666667,,
hsi_single,0,11,False,1,0.594059405940594,0.625,,
hsi_single,0,12,True,8,0.0,0.0,,
hsi_single,0,13,False,1,0.8043478260869565,0.7708333333333334,,
hsi_single,0,14,False,1,0.78,0.8125,,
hsi_single,0,15,False,1,0.75,0.875,,
hsi_single,0,16,False,1,0.6226415094339622,0.6875,,
hsi_single,0,17,False,1,0.6206896551724138,0.5625,,
hsi_single,0,18,False,1,0.6542056074766355,0.7291666666666666,,
hsi_single,0,19,False,1,0.4864864864864865,0.5625,,
hsi_single,0,20,False,2,0.5416666666666666,0.5416666666666666,,
hsi_single,0,21,False,2,0.7555555555555555,0.7083333333333334,,
hsi_single,0,22,True,2,0.36619718309859156,0.2708333333333333,,
hsi_single,0,23,False,2,0.7037037037037037,0.7916666666666666,,
hsi_single,0,24,False,2,0.7956989247311828,0.7708333333333334,,
hsi_single,0,25,False,2,0.47863247863247865,0.5833333333333334,,
hsi_single,0,26,False,2,0.9504950495049505,1.0,,
hsi_single,0,27,False,2,0.49056603773584906,0.5416666666666666,,
hsi_single,0,28,False,2,0.9690721649484536,0.9791666666666666,,
hsi_single,0,29,False,2,0.9072164948453608,0.9166666666666666,,
hsi_single,0,30,False,2,0.4742268041237113,0.4791666666666667,,
hsi_single,0,31,False,2,0.9215686274509803,0.9791666666666666,,
hsi_single,0,32,False,2,0.88,0.9166666666666666,,
hsi_single,0,33,False,2,0.5098039215686274,0.5416666666666666,,
hsi_single,0,34,False,3,0.7032967032967034,0.6666666666666666,,
hsi_single,0,35,False,3,0.7014925373134329,0.9791666666666666,,
hsi_single,0,36,False,3,0.8351648351648352,0.7916666666666666,,
hsi_single,0,37,False,3,0.3157894736842105,0.3125,,
hsi_single,0,38,True,3,0.0,0.0,,
hsi_single,0,39,False,3,0.4444444444444444,0.5,,
hsi_single,0,40,False,3,0.5869565217391305,0.5625,,
hsi_single,0,41,False,3,0.3,0.25,,
hsi_single,0,42,False,3,0.2823529411764706,0.25,,
hsi_single,0,43,False,4,0.3925233644859813,0.4375,,
hsi_single,0,44,False,4,0.5454545454545454,0.5625,,
hsi_single,0,45,True,4,0.0,0.0,,
hsi_single,0,46,False,4,0.5714285714285714,0.5,,
hsi_single,0,47,False,4,0.7457627118644068,0.9166666666666666,,
hsi_single,0,48,False,4,0.8888888888888888,0.9166666666666666,,
hsi_single,0,49,False,4,0.1348314606741573,0.125,,
hsi_single,0,50,False,4,0.9696969696969697,1.0,,
hsi_single,0,51,False,4,0.04081632653061224,0.041666666666666664,,
hsi_single,0,52,False,4,0.0898876404494382,0.08333333333333333,,
hsi_single,0,53,False,4,0.8349514563106796,0.9347826086956522,,
hsi_single,0,54,False,4,0.5046728971962616,0.5625,,
hsi_single,0,55,False,4,0.6304347826086957,0.6041666666666666,,
hsi_single,0,56,False,4,0.82,0.8541666666666666,,
hsi_single,0,57,False,5,0.6470588235294118,0.6875,,
hsi_single,0,58,False,5,0.6296296296296297,0.7083333333333334,,
hsi_single,0,59,True,5,0.23376623376623376,0.1875,,
hsi_single,0,60,True,5,0.4878048780487805,0.4166666666666667,,
hsi_single,0,61,True,8,0.23376623376623376,0.1875,,
hsi_single,0,62,False,5,0.6181818181818182,0.7083333333333334,,
hsi_single,0,63,True,8,0.08450704225352113,0.0625,,
hsi_single,0,64,True,5,0.3711340206185567,0.375,,
hsi_single,0,65,True,5,0.21875,0.14583333333333334,,
hsi_single,0,66,True,5,0.25316455696202533,0.20833333333333334,,
hsi_single,0,67,False,5,0.8631578947368421,0.8541666666666666,,
hsi_single,0,68,False,5,0.8712871287128713,0.9166666666666666,,
hsi_single,0,69,False,5,0.2647058823529412,0.1875,,
hsi_single,0,70,True,5,0.06896551724137931,0.041666666666666664,,
hsi_single,0,71,True,5,0.08823529411764706,0.0625,,
hsi_single,0,72,False,6,0.7128712871287128,0.75,,
hsi_single,0,73,False,6,0.373134328358209,0.5208333333333334,,
hsi_single,0,74,False,6,0.9056603773584906,1.0,,
hsi_single,0,75,False,6,0.8421052631578947,0.8333333333333334,,
hsi_single,0,76,False,6,0.7378640776699029,0.7916666666666666,,
hsi_single,0,77,False,7,0.7446808510638298,0.7291666666666666,,
hsi_single,0,78,True,7,0.8409090909090909,0.7708333333333334,,
hsi_single,0,79,True,8,0.0,0.0,,
hsi_single,0,80,False,7,0.3669724770642202,0.4166666666666667,,
hsi_single,0,81,False,7,0.39751552795031053,0.6956521739130435,,
hsi_single,0,82,False,8,0.6458333333333334,0.6458333333333334,,
hsi_single,0,83,False,8,0.7789473684210526,0.7708333333333334,,
hsi_single,0,84,False,8,0.5977011494252874,0.5416666666666666,,
hsi_single,0,85,False,8,0.7636363636363637,0.875,,
hsi_single,0,86,False,8,0.5684210526315789,0.5625,,
hsi_single,0,87,False,8,0.803921568627451,0.8541666666666666,,
hsi_single,0,88,False,8,0.5645161290322581,0.7291666666666666,,
hsi_single,0,89,False,8,0.625,0.8333333333333334,,
hsi_single,1,0,False,0,0.2361111111111111,0.3541666666666667,,
hsi_single,1,1,False,0,0.7326732673267327,0.7708333333333334,,
hsi_single,1,2,False,0,0.7659574468085106,0.75,,
hsi_single,1,3,False,0,0.7964601769911505,0.9375,,
hsi_single,1,4,True,0,0.4782608695652174,0.4583333333333333,,
hsi_single,1,5,False,1,0.8282828282828283,0.9111111111111111,,
hsi_single,1,6,False,1,0.65,0.5416666666666666,,
hsi_single,1,7,True,1,0.0,0.0,,
hsi_single,1,8,False,1,0.7045454545454546,0.6458333333333334,,
hsi_single,1,9,False,1,0.7216494845360825,0.7291666666666666,,
hsi_single,1,10,False,1,0.18181818181818182,0.14583333333333334,,
hsi_single,1,11,False,1,0.3380281690140845,0.25,,
hsi_single,1,12,True,1,0.0,0.0,,
hsi_single,1,13,False,1,0.7142857142857143,0.8333333333333334,,
hsi_single,1,14,False,1,0.6458333333333334,0.6595744680851063,,
hsi_single,1,15,False,1,0.7457627118644068,0.9166666666666666,,
hsi_single,1,16,False,1,0.7289719626168224,0.8125,,
hsi_single,1,17,False,1,0.5225225225225225,0.6041666666666666,,
hsi_single,1,18,False,1,0.5714285714285714,0.4583333333333333,,
hsi_single,1,19,False,1,0.42696629213483145,0.3958333333333333,,
hsi_single,1,20,False,2,0.594059405940594,0.625,,
hsi_single,1,21,False,2,0.660377358490566,0.7291666666666666,,
hsi_single,1,22,True,8,0.5569620253164557,0.4888888888888889,,
hsi_single,1,23,False,2,0.6355140186915887,0.7083333333333334,,
hsi_single,1,24,False,2,0.6813186813186813,0.6458333333333334,,
hsi_single,1,25,False,2,0.46938775510204084,0.4791666666666667,,
hsi_single,1,26,False,2,0.96,1.0,,
hsi_single,1,27,False,2,0.417910447761194,0.5833333333333334,,
hsi_single,1,28,False,2,0.9787234042553191,0.9583333333333334,,
hsi_single,1,29,False,2,0.7884615384615384,0.8541666666666666,,
hsi_single,1,30,False,2,0.2828282828282828,0.2916666666666667,,
hsi_single,1,31,False,2,0.8823529411764706,0.9375,,
hsi_single,1,32,False,2,0.6966292134831461,0.6458333333333334,,
hsi_single,1,33,False,2,0.45569620253164556,0.375,,
hsi_single,1,34,False,3,0.5178571428571429,0.6041666666666666,,
hsi_single,1,35,False,3,0.8842105263157894,0.875,,
hsi_single,1,36,False,3,0.7692307692307693,0.8333333333333334,,
hsi_single,1,37,False,3,0.32,0.25,,
hsi_single,1,38,True,8,0.0,0.0,,
hsi_single,1,39,False,3,0.5681818181818182,0.5208333333333334,,
hsi_single,1,40,False,3,0.6153846153846154,0.6666666666666666,,
hsi_single,1,41,False,3,0.40963855421686746,0.3541666666666667,,
hsi_single,1,42,False,3,0.4117647058823529,0.4375,,
hsi_single,1,43,False,4,0.24719101123595505,0.22916666666666666,,
hsi_single,1,44,False,4,0.574468085106383,0.5625,,
hsi_single,1,45,True,8,0.021052631578947368,0.020833333333333332,,
hsi_single,1,46,False,4,0.4657534246575342,0.3541666666666667,,
hsi_single,1,47,False,4,0.717391304347826,0.6875,,
hsi_single,1,48,False,4,0.8952380952380953,0.9791666666666666,,
hsi_single,1,49,False,4,0.14953271028037382,0.16666666666666666,,
hsi_single,1,50,False,4,0.9090909090909091,0.9375,,
hsi_single,1,51,False,4,0.061224489795918366,0.0625,,
hsi_single,1,52,False,4,0.06060606060606061,0.041666666666666664,,
hsi_single,1,53,False,4,0.8602150537634409,0.8333333333333334,,
hsi_single,1,54,False,4,0.5894736842105263,0.5833333333333334,,
hsi_single,1,55,False,4,0.6021505376344086,0.5833333333333334,,
hsi_single,1,56,False,4,0.5825242718446602,0.625,,
hsi_single,1,57,False,5,0.8,0.782608695652174,,
hsi_single,1,58,False,5,0.6829268292682927,0.5833333333333334,,
hsi_single,1,59,True,8,0.25882352941176473,0.22916666666666666,,
hsi_single,1,60,True,8,0.6153846153846154,0.5833333333333334,,
hsi_single,1,61,True,5,0.17094017094017094,0.20833333333333334,,
hsi_single,1,62,False,5,0.7526881720430108,0.7291666666666666,,
hsi_single,1,63,True,5,0.1553398058252427,0.16666666666666666,,
hsi_single,1,64,True,8,0.5384615384615384,0.5833333333333334,,
hsi_single,1,65,True,8,0.23684210526315788,0.1875,,
hsi_single,1,66,True,8,0.06779661016949153,0.041666666666666664,,
hsi_single,1,67,False,5,0.8148148148148148,0.9166666666666666,,
hsi_single,1,68,False,5,0.8571428571428571,0.9375,,
hsi_single,1,69,False,5,0.37894736842105264,0.375,,
hsi_single,1,70,True,8,0.17647058823529413,0.125,,
hsi_single,1,71,True,8,0.0759493670886076,0.0625,,
hsi_single,1,72,False,6,0.7291666666666666,0.7291666666666666,,
hsi_single,1,73,False,6,0.37037037037037035,0.3125,,
hsi_single,1,74,False,6,0.7321428571428571,0.8541666666666666,,
hsi_single,1,75,False,6,0.7894736842105263,0.9375,,
hsi_single,1,76,False,6,0.7789473684210526,0.7708333333333334,,
hsi_single,1,77,False,7,0.7272727272727273,0.8333333333333334,,
hsi_single,1,78,True,8,0.8888888888888888,0.9166666666666666,,
hsi_single,1,79,True,7,0.0,0.0,,
hsi_single,1,80,False,7,0.4166666666666667,0.4166666666666667,,
hsi_single,1,81,False,7,0.3673469387755102,0.375,,
hsi_single,1,82,False,8,0.7058823529411765,0.75,,
hsi_single,1,83,False,8,0.7222222222222222,0.8125,,
hsi_single,1,84,False,8,0.5454545454545454,0.75,,
hsi_single,1,85,False,8,0.9032258064516129,0.875,,
hsi_single,1,86,False,8,0.5454545454545454,0.75,,
hsi_single,1,87,False,8,0.7014925373134329,0.9791666666666666,,
hsi_single,1,88,False,8,0.4909090909090909,0.5625,,
hsi_single,1,89,False,8,0.8409090909090909,0.7708333333333334,,
learned_residual,0,0,False,0,0.2916666666666667,0.2916666666666667,,
learned_residual,0,1,False,0,0.7708333333333334,0.7708333333333334,,
learned_residual,0,2,False,0,0.9183673469387755,0.9375,,
learned_residual,0,3,False,0,0.9247311827956989,0.8958333333333334,,
learned_residual,0,4,True,8,0.5405405405405406,0.4166666666666667,,
learned_residual,0,5,False,1,0.9387755102040817,1.0,,
learned_residual,0,6,False,1,0.5299145299145299,0.6458333333333334,,
learned_residual,0,7,True,8,0.0,0.0,,
learned_residual,0,8,False,1,0.7592592592592593,0.8541666666666666,,
learned_residual,0,9,False,1,0.7047619047619048,0.7708333333333334,,
learned_residual,0,10,False,1,0.375,0.375,,
learned_residual,0,11,False,1,0.6019417475728155,0.6458333333333334,,
learned_residual,0,12,True,8,0.10909090909090909,0.0625,,
learned_residual,0,13,False,1,0.8260869565217391,0.7916666666666666,,
learned_residual,0,14,False,1,0.7676767676767676,0.7916666666666666,,
learned_residual,0,15,False,1,0.8411214953271028,0.9375,,
learned_residual,0,16,False,1,0.6990291262135923,0.75,,
learned_residual,0,17,False,1,0.6666666666666666,0.6666666666666666,,
learned_residual,0,18,False,1,0.75,0.8125,,
learned_residual,0,19,False,1,0.5607476635514018,0.625,,
learned_residual,0,20,False,2,0.6804123711340206,0.6875,,
learned_residual,0,21,False,2,0.8045977011494253,0.7291666666666666,,
learned_residual,0,22,True,2,0.5866666666666667,0.4583333333333333,,
learned_residual,0,23,False,2,0.7619047619047619,0.8333333333333334,,
learned_residual,0,24,False,2,0.875,0.875,,
learned_residual,0,25,False,2,0.5688073394495413,0.6458333333333334,,
learned_residual,0,26,False,2,0.9795918367346939,1.0,,
learned_residual,0,27,False,2,0.5909090909090909,0.5416666666666666,,
learned_residual,0,28,False,2,0.9795918367346939,1.0,,
learned_residual,0,29,False,2,0.9375,0.9375,,
learned_residual,0,30,False,2,0.5263157894736842,0.5208333333333334,,
learned_residual,0,31,False,2,0.9038461538461539,0.9791666666666666,,
learned_residual,0,32,False,2,0.8712871287128713,0.9166666666666666,,
learned_residual,0,33,False,2,0.6019417475728155,0.6458333333333334,,
learned_residual,0,34,False,3,0.7021276595744681,0.6875,,
learned_residual,0,35,False,3,0.752,0.9791666666666666,,
learned_residual,0,36,False,3,0.8775510204081632,0.8958333333333334,,
learned_residual,0,37,False,3,0.46153846153846156,0.5,,
learned_residual,0,38,True,3,0.0,0.0,,
learned_residual,0,39,False,3,0.5945945945945946,0.6875,,
learned_residual,0,40,False,3,0.6875,0.6875,,
learned_residual,0,41,False,3,0.3291139240506329,0.2708333333333333,,
learned_residual,0,42,False,3,0.5176470588235295,0.4583333333333333,,
learned_residual,0,43,False,4,0.48739495798319327,0.6041666666666666,,
learned_residual,0,44,False,4,0.6458333333333334,0.6458333333333334,,
learned_residual,0,45,True,4,0.0,0.0,,
learned_residual,0,46,False,4,0.6666666666666666,0.625,,
learned_residual,0,47,False,4,0.8461538461538461,0.9166666666666666,,
learned_residual,0,48,False,4,0.9166666666666666,0.9166666666666666,,
learned_residual,0,49,False,4,0.13636363636363635,0.125,,
learned_residual,0,50,False,4,1.0,1.0,,
learned_residual,0,51,False,4,0.08695652173913043,0.08333333333333333,,
learned_residual,0,52,False,4,0.15,0.125,,
learned_residual,0,53,False,4,0.8932038834951457,1.0,,
learned_residual,0,54,False,4,0.5684210526315789,0.5625,,
learned_residual,0,55,False,4,0.7578947368421053,0.75,,
learned_residual,0,56,False,4,0.8627450980392157,0.9166666666666666,,
learned_residual,0,57,False,5,0.72,0.75,,
learned_residual,0,58,False,5,0.672566371681416,0.7916666666666666,,
learned_residual,0,59,True,5,0.29333333333333333,0.22916666666666666,,
learned_residual,0,60,True,5,0.5135135135135135,0.3958333333333333,,
learned_residual,0,61,True,8,0.20224719101123595,0.1875,,
learned_residual,0,62,False,5,0.6851851851851852,0.7708333333333334,,
learned_residual,0,63,True,8,0.1388888888888889,0.10416666666666667,,
learned_residual,0,64,True,5,0.3333333333333333,0.3333333333333333,,
learned_residual,0,65,True,5,0.08955223880597014,0.0625,,
learned_residual,0,66,True,5,0.273972602739726,0.20833333333333334,,
learned_residual,0,67,False,5,0.9361702127659575,0.9166666666666666,,
learned_residual,0,68,False,5,0.946236559139785,0.9166666666666666,,
learned_residual,0,69,False,5,0.47368421052631576,0.375,,
learned_residual,0,70,True,5,0.03508771929824561,0.020833333333333332,,
learned_residual,0,71,True,5,0.06153846153846154,0.041666666666666664,,
learned_residual,0,72,False,6,0.7289719626168224,0.8125,,
learned_residual,0,73,False,6,0.4233576642335766,0.6041666666666666,,
learned_residual,0,74,False,6,0.9320388349514563,1.0,,
learned_residual,0,75,False,6,0.8247422680412371,0.8333333333333334,,
learned_residual,0,76,False,6,0.8118811881188119,0.8541666666666666,,
learned_residual,0,77,False,7,0.8,0.8333333333333334,,
learned_residual,0,78,True,7,0.8314606741573034,0.7708333333333334,,
learned_residual,0,79,True,8,0.18867924528301888,0.10416666666666667,,
learned_residual,0,80,False,7,0.4462809917355372,0.5625,,
learned_residual,0,81,False,7,0.425,0.7391304347826086,,
learned_residual,0,82,False,8,0.6947368421052632,0.6875,,
learned_residual,0,83,False,8,0.7951807228915663,0.6875,,
learned_residual,0,84,False,8,0.6444444444444445,0.6041666666666666,,
learned_residual,0,85,False,8,0.8181818181818182,0.9375,,
learned_residual,0,86,False,8,0.6521739130434783,0.625,,
learned_residual,0,87,False,8,0.8316831683168316,0.875,,
learned_residual,0,88,False,8,0.6029411764705882,0.8541666666666666,,
learned_residual,0,89,False,8,0.6870229007633588,0.9375,,
learned_residual,1,0,False,0,0.25225225225225223,0.2916666666666667,,
learned_residual,1,1,False,0,0.8210526315789474,0.8125,,
learned_residual,1,2,False,0,0.8817204301075269,0.8541666666666666,,
learned_residual,1,3,False,0,0.7964601769911505,0.9375,,
learned_residual,1,4,True,0,0.5476190476190477,0.4791666666666667,,
learned_residual,1,5,False,1,0.8842105263157894,0.9333333333333333,,
learned_residual,1,6,False,1,0.6588235294117647,0.5833333333333334,,
learned_residual,1,7,True,1,0.0,0.0,,
learned_residual,1,8,False,1,0.7391304347826086,0.7083333333333334,,
learned_residual,1,9,False,1,0.8,0.8333333333333334,,
learned_residual,1,10,False,1,0.3058823529411765,0.2708333333333333,,
learned_residual,1,11,False,1,0.3888888888888889,0.2916666666666667,,
learned_residual,1,12,True,1,0.04,0.020833333333333332,,
learned_residual,1,13,False,1,0.7079646017699115,0.8333333333333334,,
learned_residual,1,14,False,1,0.7142857142857143,0.7446808510638298,,
learned_residual,1,15,False,1,0.773109243697479,0.9583333333333334,,
learned_residual,1,16,False,1,0.75,0.8125,,
learned_residual,1,17,False,1,0.6181818181818182,0.7083333333333334,,
learned_residual,1,18,False,1,0.7469879518072289,0.6458333333333334,,
learned_residual,1,19,False,1,0.4946236559139785,0.4791666666666667,,
learned_residual,1,20,False,2,0.6391752577319587,0.6458333333333334,,
learned_residual,1,21,False,2,0.6981132075471698,0.7708333333333334,,
learned_residual,1,22,True,8,0.6578947368421053,0.5555555555555556,,
learned_residual,1,23,False,2,0.7358490566037735,0.8125,,
learned_residual,1,24,False,2,0.7708333333333334,0.7708333333333334,,
learned_residual,1,25,False,2,0.5217391304347826,0.5,,
learned_residual,1,26,False,2,0.9591836734693877,0.9791666666666666,,
learned_residual,1,27,False,2,0.47058823529411764,0.5833333333333334,,
learned_residual,1,28,False,2,0.9787234042553191,0.9583333333333334,,
learned_residual,1,29,False,2,0.8431372549019608,0.8958333333333334,,
learned_residual,1,30,False,2,0.27722772277227725,0.2916666666666667,,
learned_residual,1,31,False,2,0.8761904761904762,0.9583333333333334,,
learned_residual,1,32,False,2,0.7640449438202247,0.7083333333333334,,
learned_residual,1,33,False,2,0.5714285714285714,0.5,,
learned_residual,1,34,False,3,0.5789473684210527,0.6875,,
learned_residual,1,35,False,3,0.8913043478260869,0.8541666666666666,,
learned_residual,1,36,False,3,0.8679245283018868,0.9583333333333334,,
learned_residual,1,37,False,3,0.4772727272727273,0.4375,,
learned_residual,1,38,True,8,0.0,0.0,,
learned_residual,1,39,False,3,0.6590909090909091,0.6041666666666666,,
learned_residual,1,40,False,3,0.6666666666666666,0.8333333333333334,,
learned_residual,1,41,False,3,0.46153846153846156,0.5,,
learned_residual,1,42,False,3,0.5283018867924528,0.5833333333333334,,
learned_residual,1,43,False,4,0.3157894736842105,0.25,,
learned_residual,1,44,False,4,0.6956521739130435,0.6666666666666666,,
learned_residual,1,45,True,8,0.06666666666666667,0.0625,,
learned_residual,1,46,False,4,0.47368421052631576,0.375,,
learned_residual,1,47,False,4,0.7586206896551724,0.6875,,
learned_residual,1,48,False,4,0.9215686274509803,0.9791666666666666,,
learned_residual,1,49,False,4,0.18181818181818182,0.20833333333333334,,
learned_residual,1,50,False,4,0.9375,0.9375,,
learned_residual,1,51,False,4,0.0851063829787234,0.08333333333333333,,
learned_residual,1,52,False,4,0.1038961038961039,0.08333333333333333,,
learned_residual,1,53,False,4,0.88,0.9166666666666666,,
learned_residual,1,54,False,4,0.7058823529411765,0.75,,
learned_residual,1,55,False,4,0.6990291262135923,0.75,,
learned_residual,1,56,False,4,0.6111111111111112,0.6875,,
learned_residual,1,57,False,5,0.8260869565217391,0.8260869565217391,,
learned_residual,1,58,False,5,0.7294117647058823,0.6458333333333334,,
learned_residual,1,59,True,8,0.3037974683544304,0.25,,
learned_residual,1,60,True,8,0.7010309278350515,0.7083333333333334,,
learned_residual,1,61,True,5,0.12244897959183673,0.125,,
learned_residual,1,62,False,5,0.8297872340425532,0.8125,,
learned_residual,1,63,True,5,0.11009174311926606,0.125,,
learned_residual,1,64,True,8,0.5858585858585859,0.6041666666666666,,
learned_residual,1,65,True,8,0.2972972972972973,0.22916666666666666,,
learned_residual,1,66,True,8,0.2647058823529412,0.1875,,
learned_residual,1,67,False,5,0.8653846153846154,0.9375,,
learned_residual,1,68,False,5,0.9292929292929293,0.9583333333333334,,
learned_residual,1,69,False,5,0.5227272727272727,0.4791666666666667,,
learned_residual,1,70,True,8,0.22857142857142856,0.16666666666666666,,
learned_residual,1,71,True,8,0.11267605633802817,0.08333333333333333,,
learned_residual,1,72,False,6,0.7628865979381443,0.7708333333333334,,
learned_residual,1,73,False,6,0.48936170212765956,0.4791666666666667,,
learned_residual,1,74,False,6,0.8,0.9583333333333334,,
learned_residual,1,75,False,6,0.8070175438596491,0.9583333333333334,,
learned_residual,1,76,False,6,0.851063829787234,0.8333333333333334,,
learned_residual,1,77,False,7,0.7476635514018691,0.8333333333333334,,
learned_residual,1,78,True,8,0.8686868686868687,0.8958333333333334,,
learned_residual,1,79,True,7,0.06451612903225806,0.041666666666666664,,
learned_residual,1,80,False,7,0.47191011235955055,0.4375,,
learned_residual,1,81,False,7,0.5555555555555556,0.625,,
learned_residual,1,82,False,8,0.7659574468085106,0.75,,
learned_residual,1,83,False,8,0.8070175438596491,0.9583333333333334,,
learned_residual,1,84,False,8,0.6440677966101694,0.7916666666666666,,
learned_residual,1,85,False,8,0.9375,0.9375,,
learned_residual,1,86,False,8,0.5942028985507246,0.8541666666666666,,
learned_residual,1,87,False,8,0.7230769230769231,0.9791666666666666,,
learned_residual,1,88,False,8,0.5714285714285714,0.6666666666666666,,
learned_residual,1,89,False,8,0.9333333333333333,0.875,,
rgb,0,0,False,0,0.20202020202020202,0.20833333333333334,,
rgb,0,1,False,0,0.5531914893617021,0.5416666666666666,,
rgb,0,2,False,0,0.9032258064516129,0.875,,
rgb,0,3,False,0,0.8735632183908046,0.7916666666666666,,
rgb,0,4,True,8,0.5609756097560976,0.4791666666666667,,
rgb,0,5,False,1,0.6595744680851063,0.6739130434782609,,
rgb,0,6,False,1,0.29473684210526313,0.2916666666666667,,
rgb,0,7,True,8,0.0,0.0,,
rgb,0,8,False,1,0.6538461538461539,0.7083333333333334,,
rgb,0,9,False,1,0.6194690265486725,0.7291666666666666,,
rgb,0,10,False,1,0.17391304347826086,0.16666666666666666,,
rgb,0,11,False,1,0.1981981981981982,0.22916666666666666,,
rgb,0,12,True,8,0.11940298507462686,0.08333333333333333,,
rgb,0,13,False,1,0.41379310344827586,0.375,,
rgb,0,14,False,1,0.5576923076923077,0.6041666666666666,,
rgb,0,15,False,1,0.851063829787234,0.8333333333333334,,
rgb,0,16,False,1,0.6666666666666666,0.6458333333333334,,
rgb,0,17,False,1,0.4146341463414634,0.3541666666666667,,
rgb,0,18,False,1,0.48936170212765956,0.4791666666666667,,
rgb,0,19,False,1,0.3548387096774194,0.4583333333333333,,
rgb,0,20,False,2,0.38181818181818183,0.4375,,
rgb,0,21,False,2,0.5977011494252874,0.5416666666666666,,
rgb,0,22,True,2,0.6265060240963856,0.5416666666666666,,
rgb,0,23,False,2,0.5849056603773585,0.6458333333333334,,
rgb,0,24,False,2,0.6458333333333334,0.6458333333333334,,
rgb,0,25,False,2,0.35714285714285715,0.4166666666666667,,
rgb,0,26,False,2,0.8631578947368421,0.8541666666666666,,
rgb,0,27,False,2,0.4444444444444444,0.4166666666666667,,
rgb,0,28,False,2,0.9166666666666666,0.9166666666666666,,
rgb,0,29,False,2,0.5510204081632653,0.5625,,
rgb,0,30,False,2,0.26548672566371684,0.3125,,
rgb,0,31,False,2,0.7254901960784313,0.7708333333333334,,
rgb,0,32,False,2,0.5531914893617021,0.5416666666666666,,
rgb,0,33,False,2,0.3185840707964602,0.375,,
rgb,0,34,False,3,0.4262295081967213,0.5416666666666666,,
rgb,0,35,False,3,0.5894736842105263,0.5833333333333334,,
rgb,0,36,False,3,0.7368421052631579,0.7291666666666666,,
rgb,0,37,False,3,0.4666666666666667,0.5833333333333334,,
rgb,0,38,True,3,0.0,0.0,,
rgb,0,39,False,3,0.4380952380952381,0.4791666666666667,,
rgb,0,40,False,3,0.45652173913043476,0.4375,,
rgb,0,41,False,3,0.2978723404255319,0.2916666666666667,,
rgb,0,42,False,3,0.41818181818181815,0.4791666666666667,,
rgb,0,43,False,4,0.5811965811965812,0.7083333333333334,,
rgb,0,44,False,4,0.43373493975903615,0.375,,
rgb,0,45,True,4,0.13333333333333333,0.0851063829787234,,
rgb,0,46,False,4,0.3655913978494624,0.3541666666666667,,
rgb,0,47,False,4,0.75,0.75,,
rgb,0,48,False,4,0.8181818181818182,0.75,,
rgb,0,49,False,4,0.14,0.14583333333333334,,
rgb,0,50,False,4,0.5,0.4375,,
rgb,0,51,False,4,0.2807017543859649,0.3333333333333333,,
rgb,0,52,False,4,0.25806451612903225,0.3333333333333333,,
rgb,0,53,False,4,0.6419753086419753,0.5652173913043478,,
rgb,0,54,False,4,0.379746835443038,0.3125,,
rgb,0,55,False,4,0.5360824742268041,0.5416666666666666,,
rgb,0,56,False,4,0.5434782608695652,0.5208333333333334,,
rgb,0,57,False,5,0.5647058823529412,0.5,,
rgb,0,58,False,5,0.41904761904761906,0.4583333333333333,,
rgb,0,59,True,5,0.25316455696202533,0.20833333333333334,,
rgb,0,60,True,5,0.10526315789473684,0.0625,,
rgb,0,61,True,8,0.021505376344086023,0.020833333333333332,,
rgb,0,62,False,5,0.5806451612903226,0.5625,,
rgb,0,63,True,8,0.13333333333333333,0.14583333333333334,,
rgb,0,64,True,5,0.05194805194805195,0.041666666666666664,,
rgb,0,65,True,5,0.0,0.0,,
rgb,0,66,True,5,0.03225806451612903,0.020833333333333332,,
rgb,0,67,False,5,0.7920792079207921,0.8333333333333334,,
rgb,0,68,False,5,0.9010989010989011,0.8541666666666666,,
rgb,0,69,False,5,0.6095238095238096,0.6666666666666666,,
rgb,0,70,True,5,0.125,0.08333333333333333,,
rgb,0,71,True,5,0.0,0.0,,
rgb,0,72,False,6,0.5185185185185185,0.5833333333333334,,
rgb,0,73,False,6,0.2,0.1875,,
rgb,0,74,False,6,0.7547169811320755,0.8333333333333334,,
rgb,0,75,False,6,0.3050847457627119,0.375,,
rgb,0,76,False,6,0.48148148148148145,0.5416666666666666,,
rgb,0,77,False,7,0.6055045871559633,0.6875,,
rgb,0,78,True,7,0.05714285714285714,0.041666666666666664,,
rgb,0,79,True,8,0.23684210526315788,0.1875,,
rgb,0,80,False,7,0.24793388429752067,0.3125,,
rgb,0,81,False,7,0.32323232323232326,0.34782608695652173,,
rgb,0,82,False,8,0.5617977528089888,0.5208333333333334,,
rgb,0,83,False,8,0.25,0.14583333333333334,,
rgb,0,84,False,8,0.4318181818181818,0.3958333333333333,,
rgb,0,85,False,8,0.6434782608695652,0.7708333333333334,,
rgb,0,86,False,8,0.5154639175257731,0.5208333333333334,,
rgb,0,87,False,8,0.7346938775510204,0.75,,
rgb,0,88,False,8,0.37037037037037035,0.5208333333333334,,
rgb,0,89,False,8,0.6029411764705882,0.8541666666666666,,
rgb,1,0,False,0,0.24742268041237114,0.25,,
rgb,1,1,False,0,0.5376344086021505,0.5208333333333334,,
rgb,1,2,False,0,0.8666666666666667,0.8125,,
rgb,1,3,False,0,0.7706422018348624,0.875,,
rgb,1,4,True,0,0.4927536231884058,0.3541666666666667,,
rgb,1,5,False,1,0.6732673267326733,0.7555555555555555,,
rgb,1,6,False,1,0.1797752808988764,0.16666666666666666,,
rgb,1,7,True,1,0.0,0.0,,
rgb,1,8,False,1,0.723404255319149,0.7083333333333334,,
rgb,1,9,False,1,0.5473684210526316,0.5416666666666666,,
rgb,1,10,False,1,0.23636363636363636,0.2708333333333333,,
rgb,1,11,False,1,0.2608695652173913,0.25,,
rgb,1,12,True,1,0.22535211267605634,0.16666666666666666,,
rgb,1,13,False,1,0.391304347826087,0.375,,
rgb,1,14,False,1,0.4318181818181818,0.40425531914893614,,
rgb,1,15,False,1,0.6491228070175439,0.7708333333333334,,
rgb,1,16,False,1,0.4807692307692308,0.5208333333333334,,
rgb,1,17,False,1,0.5154639175257731,0.5208333333333334,,
rgb,1,18,False,1,0.6666666666666666,0.6666666666666666,,
rgb,1,19,False,1,0.2823529411764706,0.25,,
rgb,1,20,False,2,0.3373493975903614,0.2916666666666667,,
rgb,1,21,False,2,0.4782608695652174,0.4583333333333333,,
rgb,1,22,True,8,0.6046511627906976,0.5777777777777777,,
rgb,1,23,False,2,0.58,0.6041666666666666,,
rgb,1,24,False,2,0.6153846153846154,0.6666666666666666,,
rgb,1,25,False,2,0.32989690721649484,0.3333333333333333,,
rgb,1,26,False,2,0.898876404494382,0.8333333333333334,,
rgb,1,27,False,2,0.40425531914893614,0.3958333333333333,,
rgb,1,28,False,2,0.9090909090909091,0.9375,,
rgb,1,29,False,2,0.5054945054945055,0.4791666666666667,,
rgb,1,30,False,2,0.2608695652173913,0.25,,
rgb,1,31,False,2,0.7142857142857143,0.7291666666666666,,
rgb,1,32,False,2,0.5714285714285714,0.5833333333333334,,
rgb,1,33,False,2,0.35051546391752575,0.3541666666666667,,
rgb,1,34,False,3,0.29411764705882354,0.3125,,
rgb,1,35,False,3,0.7045454545454546,0.6458333333333334,,
rgb,1,36,False,3,0.6336633663366337,0.6666666666666666,,
rgb,1,37,False,3,0.46601941747572817,0.5,,
rgb,1,38,True,8,0.0,0.0,,
rgb,1,39,False,3,0.5365853658536586,0.4583333333333333,,
rgb,1,40,False,3,0.38,0.3958333333333333,,
rgb,1,41,False,3,0.22807017543859648,0.2708333333333333,,
rgb,1,42,False,3,0.32989690721649484,0.3333333333333333,,
rgb,1,43,False,4,0.5319148936170213,0.5208333333333334,,
rgb,1,44,False,4,0.6530612244897959,0.6666666666666666,,
rgb,1,45,True,8,0.38961038961038963,0.3125,,
rgb,1,46,False,4,0.4444444444444444,0.375,,
rgb,1,47,False,4,0.6813186813186813,0.6458333333333334,,
rgb,1,48,False,4,0.8571428571428571,0.9375,,
rgb,1,49,False,4,0.1391304347826087,0.16666666666666666,,
rgb,1,50,False,4,0.5132743362831859,0.6041666666666666,,
rgb,1,51,False,4,0.18556701030927836,0.1875,,
rgb,1,52,False,4,0.23529411764705882,0.20833333333333334,,
rgb,1,53,False,4,0.5742574257425742,0.6041666666666666,,
rgb,1,54,False,4,0.5161290322580645,0.5,,
rgb,1,55,False,4,0.49019607843137253,0.5208333333333334,,
rgb,1,56,False,4,0.47058823529411764,0.5,,
rgb,1,57,False,5,0.5360824742268041,0.5652173913043478,,
rgb,1,58,False,5,0.5370370370370371,0.6041666666666666,,
rgb,1,59,True,8,0.28205128205128205,0.22916666666666666,,
rgb,1,60,True,8,0.24390243902439024,0.20833333333333334,,
rgb,1,61,True,5,0.0,0.0,,
rgb,1,62,False,5,0.5871559633027523,0.6666666666666666,,
rgb,1,63,True,5,0.0,0.0,,
rgb,1,64,True,8,0.1978021978021978,0.1875,,
rgb,1,65,True,8,0.09411764705882353,0.08333333333333333,,
rgb,1,66,True,8,0.30434782608695654,0.2916666666666667,,
rgb,1,67,False,5,0.7843137254901961,0.8333333333333334,,
rgb,1,68,False,5,0.9,0.9375,,
rgb,1,69,False,5,0.7,0.7291666666666666,,
rgb,1,70,True,8,0.21739130434782608,0.20833333333333334,,
rgb,1,71,True,8,0.0,0.0,,
rgb,1,72,False,6,0.46153846153846156,0.4375,,
rgb,1,73,False,6,0.2857142857142857,0.3125,,
rgb,1,74,False,6,0.78,0.8125,,
rgb,1,75,False,6,0.3106796116504854,0.3333333333333333,,
rgb,1,76,False,6,0.5777777777777777,0.5416666666666666,,
rgb,1,77,False,7,0.5454545454545454,0.5625,,
rgb,1,78,True,8,0.17391304347826086,0.125,,
rgb,1,79,True,7,0.11267605633802817,0.08333333333333333,,
rgb,1,80,False,7,0.22018348623853212,0.25,,
rgb,1,81,False,7,0.43956043956043955,0.4166666666666667,,
rgb,1,82,False,8,0.43564356435643564,0.4583333333333333,,
rgb,1,83,False,8,0.7169811320754716,0.7916666666666666,,
rgb,1,84,False,8,0.31683168316831684,0.3333333333333333,,
rgb,1,85,False,8,0.7865168539325843,0.7291666666666666,,
rgb,1,86,False,8,0.591304347826087,0.7083333333333334,,
rgb,1,87,False,8,0.6846846846846847,0.7916666666666666,,
rgb,1,88,False,8,0.4166666666666667,0.5208333333333334,,
rgb,1,89,False,8,0.8444444444444444,0.7916666666666666,,
v5_rgb_equal,0,0,False,0,0.3366336633663366,0.3541666666666667,48.0,17.0
v5_rgb_equal,0,1,False,0,0.8,0.7916666666666666,48.0,38.0
v5_rgb_equal,0,2,False,0,0.9375,0.9375,48.0,45.0
v5_rgb_equal,0,3,False,0,0.9333333333333332,0.875,48.0,42.0
v5_rgb_equal,0,4,True,8,0.5333333333333333,0.4166666666666667,48.0,20.0
v5_rgb_equal,0,5,False,1,0.8631578947368421,0.8913043478260869,46.0,41.0
v5_rgb_equal,0,6,False,1,0.5376344086021505,0.5208333333333334,48.0,25.0
v5_rgb_equal,0,7,True,8,0.0,0.0,48.0,0.0
v5_rgb_equal,0,8,False,1,0.7142857142857143,0.8333333333333334,48.0,40.0
v5_rgb_equal,0,9,False,1,0.7032967032967034,0.6666666666666666,48.0,32.0
v5_rgb_equal,0,10,False,1,0.419047619047619,0.4583333333333333,48.0,22.0
v5_rgb_equal,0,11,False,1,0.6021505376344086,0.5833333333333334,48.0,28.0
v5_rgb_equal,0,12,True,8,0.109090909090909,0.0625,48.0,3.0
v5_rgb_equal,0,13,False,1,0.8043478260869565,0.7708333333333334,48.0,37.0
v5_rgb_equal,0,14,False,1,0.75,0.8125,48.0,39.0
v5_rgb_equal,0,15,False,1,0.8653846153846154,0.9375,48.0,45.0
v5_rgb_equal,0,16,False,1,0.7090909090909091,0.8125,48.0,39.0
v5_rgb_equal,0,17,False,1,0.6736842105263158,0.6666666666666666,48.0,32.0
v5_rgb_equal,0,18,False,1,0.7474747474747475,0.7708333333333334,48.0,37.0
v5_rgb_equal,0,19,False,1,0.5607476635514018,0.625,48.0,30.0
v5_rgb_equal,0,20,False,2,0.6875,0.6875,48.0,33.0
v5_rgb_equal,0,21,False,2,0.8085106382978723,0.7916666666666666,48.0,38.0
v5_rgb_equal,0,22,True,2,0.6582278481012658,0.5416666666666666,48.0,26.0
v5_rgb_equal,0,23,False,2,0.7272727272727273,0.8333333333333334,48.0,40.0
v5_rgb_equal,0,24,False,2,0.8571428571428571,0.875,48.0,42.0
v5_rgb_equal,0,25,False,2,0.584070796460177,0.6875,48.0,33.0
v5_rgb_equal,0,26,False,2,0.9494949494949496,0.9791666666666666,48.0,47.0
v5_rgb_equal,0,27,False,2,0.5652173913043478,0.5416666666666666,48.0,26.0
v5_rgb_equal,0,28,False,2,0.9591836734693876,0.9791666666666666,48.0,47.0
v5_rgb_equal,0,29,False,2,0.9052631578947368,0.8958333333333334,48.0,43.0
v5_rgb_equal,0,30,False,2,0.4545454545454545,0.5208333333333334,48.0,25.0
v5_rgb_equal,0,31,False,2,0.8932038834951457,0.9583333333333334,48.0,46.0
v5_rgb_equal,0,32,False,2,0.8571428571428571,0.875,48.0,42.0
v5_rgb_equal,0,33,False,2,0.5544554455445545,0.5833333333333334,48.0,28.0
v5_rgb_equal,0,34,False,3,0.6274509803921569,0.6666666666666666,48.0,32.0
v5_rgb_equal,0,35,False,3,0.7377049180327869,0.9375,48.0,45.0
v5_rgb_equal,0,36,False,3,0.8958333333333334,0.8958333333333334,48.0,43.0
v5_rgb_equal,0,37,False,3,0.5625,0.5625,48.0,27.0
v5_rgb_equal,0,38,True,3,0.0,0.0,48.0,0.0
v5_rgb_equal,0,39,False,3,0.6262626262626263,0.6458333333333334,48.0,31.0
v5_rgb_equal,0,40,False,3,0.7021276595744681,0.6875,48.0,33.0
v5_rgb_equal,0,41,False,3,0.3820224719101123,0.3541666666666667,48.0,17.0
v5_rgb_equal,0,42,False,3,0.4651162790697674,0.4166666666666667,48.0,20.0
v5_rgb_equal,0,43,False,4,0.546875,0.7291666666666666,48.0,35.0
v5_rgb_equal,0,44,False,4,0.6818181818181818,0.625,48.0,30.0
v5_rgb_equal,0,45,True,4,0.032258064516129,0.0212765957446808,47.0,1.0
v5_rgb_equal,0,46,False,4,0.6590909090909091,0.6041666666666666,48.0,29.0
v5_rgb_equal,0,47,False,4,0.8380952380952381,0.9166666666666666,48.0,44.0
v5_rgb_equal,0,48,False,4,0.9361702127659576,0.9166666666666666,48.0,44.0
v5_rgb_equal,0,49,False,4,0.1234567901234567,0.1041666666666666,48.0,5.0
v5_rgb_equal,0,50,False,4,0.9696969696969696,1.0,48.0,48.0
v5_rgb_equal,0,51,False,4,0.1224489795918367,0.125,48.0,6.0
v5_rgb_equal,0,52,False,4,0.2291666666666666,0.2291666666666666,48.0,11.0
v5_rgb_equal,0,53,False,4,0.9108910891089108,1.0,46.0,46.0
v5_rgb_equal,0,54,False,4,0.4827586206896552,0.4375,48.0,21.0
v5_rgb_equal,0,55,False,4,0.7096774193548387,0.6875,48.0,33.0
v5_rgb_equal,0,56,False,4,0.86,0.8958333333333334,48.0,43.0
v5_rgb_equal,0,57,False,5,0.7474747474747475,0.7708333333333334,48.0,37.0
v5_rgb_equal,0,58,False,5,0.6964285714285714,0.8125,48.0,39.0
v5_rgb_equal,0,59,True,5,0.3098591549295774,0.2291666666666666,48.0,11.0
v5_rgb_equal,0,60,True,5,0.463768115942029,0.3333333333333333,48.0,16.0
v5_rgb_equal,0,61,True,8,0.1481481481481481,0.125,48.0,6.0
v5_rgb_equal,0,62,False,5,0.7378640776699029,0.7916666666666666,48.0,38.0
v5_rgb_equal,0,63,True,8,0.0579710144927536,0.0416666666666666,48.0,2.0
v5_rgb_equal,0,64,True,5,0.2696629213483146,0.25,48.0,12.0
v5_rgb_equal,0,65,True,5,0.0909090909090909,0.0625,48.0,3.0
v5_rgb_equal,0,66,True,5,0.2769230769230769,0.1875,48.0,9.0
v5_rgb_equal,0,67,False,5,0.9072164948453608,0.9166666666666666,48.0,44.0
v5_rgb_equal,0,68,False,5,0.9574468085106383,0.9375,48.0,45.0
v5_rgb_equal,0,69,False,5,0.5591397849462365,0.5416666666666666,48.0,26.0
v5_rgb_equal,0,70,True,5,0.1311475409836065,0.0833333333333333,48.0,4.0
v5_rgb_equal,0,71,True,5,0.0,0.0,48.0,0.0
v5_rgb_equal,0,72,False,6,0.76,0.7916666666666666,48.0,38.0
v5_rgb_equal,0,73,False,6,0.4360902255639097,0.6041666666666666,48.0,29.0
v5_rgb_equal,0,74,False,6,0.9411764705882352,1.0,48.0,48.0
v5_rgb_equal,0,75,False,6,0.7238095238095238,0.7916666666666666,48.0,38.0
v5_rgb_equal,0,76,False,6,0.7692307692307693,0.8333333333333334,48.0,40.0
v5_rgb_equal,0,77,False,7,0.7254901960784313,0.7708333333333334,48.0,37.0
v5_rgb_equal,0,78,True,7,0.6436781609195402,0.5833333333333334,48.0,28.0
v5_rgb_equal,0,79,True,8,0.2807017543859649,0.1666666666666666,48.0,8.0
v5_rgb_equal,0,80,False,7,0.35,0.4375,48.0,21.0
v5_rgb_equal,0,81,False,7,0.4768211920529801,0.782608695652174,46.0,36.0
v5_rgb_equal,0,82,False,8,0.7070707070707071,0.7291666666666666,48.0,35.0
v5_rgb_equal,0,83,False,8,0.8192771084337349,0.7083333333333334,48.0,34.0
v5_rgb_equal,0,84,False,8,0.5609756097560976,0.4791666666666667,48.0,23.0
v5_rgb_equal,0,85,False,8,0.7666666666666667,0.9583333333333334,48.0,46.0
v5_rgb_equal,0,86,False,8,0.6813186813186813,0.6458333333333334,48.0,31.0
v5_rgb_equal,0,87,False,8,0.8823529411764706,0.9375,48.0,45.0
v5_rgb_equal,0,88,False,8,0.5695364238410596,0.8958333333333334,48.0,43.0
v5_rgb_equal,0,89,False,8,0.676923076923077,0.9166666666666666,48.0,44.0
v5_rgb_equal,1,0,False,0,0.25,0.375,48.0,18.0
v5_rgb_equal,1,1,False,0,0.8085106382978723,0.7916666666666666,48.0,38.0
v5_rgb_equal,1,2,False,0,0.9032258064516128,0.875,48.0,42.0
v5_rgb_equal,1,3,False,0,0.7889908256880734,0.8958333333333334,48.0,43.0
v5_rgb_equal,1,4,True,0,0.4057971014492754,0.2916666666666667,48.0,14.0
v5_rgb_equal,1,5,False,1,0.8936170212765957,0.9333333333333332,45.0,42.0
v5_rgb_equal,1,6,False,1,0.5609756097560976,0.4791666666666667,48.0,23.0
v5_rgb_equal,1,7,True,1,0.0,0.0,48.0,0.0
v5_rgb_equal,1,8,False,1,0.7659574468085106,0.75,48.0,36.0
v5_rgb_equal,1,9,False,1,0.8222222222222222,0.7708333333333334,48.0,37.0
v5_rgb_equal,1,10,False,1,0.4,0.3541666666666667,48.0,17.0
v5_rgb_equal,1,11,False,1,0.2941176470588235,0.2083333333333333,48.0,10.0
v5_rgb_equal,1,12,True,1,0.2456140350877192,0.1458333333333333,48.0,7.0
v5_rgb_equal,1,13,False,1,0.7289719626168224,0.8125,48.0,39.0
v5_rgb_equal,1,14,False,1,0.7021276595744681,0.7021276595744681,47.0,33.0
v5_rgb_equal,1,15,False,1,0.706766917293233,0.9791666666666666,48.0,47.0
v5_rgb_equal,1,16,False,1,0.6972477064220184,0.7916666666666666,48.0,38.0
v5_rgb_equal,1,17,False,1,0.6542056074766355,0.7291666666666666,48.0,35.0
v5_rgb_equal,1,18,False,1,0.7333333333333333,0.6875,48.0,33.0
v5_rgb_equal,1,19,False,1,0.5287356321839081,0.4791666666666667,48.0,23.0
v5_rgb_equal,1,20,False,2,0.625,0.625,48.0,30.0
v5_rgb_equal,1,21,False,2,0.6990291262135923,0.75,48.0,36.0
v5_rgb_equal,1,22,True,8,0.6666666666666666,0.6222222222222222,45.0,28.0
v5_rgb_equal,1,23,False,2,0.7358490566037735,0.8125,48.0,39.0
v5_rgb_equal,1,24,False,2,0.8080808080808081,0.8333333333333334,48.0,40.0
v5_rgb_equal,1,25,False,2,0.5473684210526316,0.5416666666666666,48.0,26.0
v5_rgb_equal,1,26,False,2,0.96,1.0,48.0,48.0
v5_rgb_equal,1,27,False,2,0.4793388429752066,0.6041666666666666,48.0,29.0
v5_rgb_equal,1,28,False,2,0.9484536082474226,0.9583333333333334,48.0,46.0
v5_rgb_equal,1,29,False,2,0.8282828282828283,0.8541666666666666,48.0,41.0
v5_rgb_equal,1,30,False,2,0.3047619047619048,0.3333333333333333,48.0,16.0
v5_rgb_equal,1,31,False,2,0.8490566037735849,0.9375,48.0,45.0
v5_rgb_equal,1,32,False,2,0.8045977011494253,0.7291666666666666,48.0,35.0
v5_rgb_equal,1,33,False,2,0.5567010309278351,0.5625,48.0,27.0
v5_rgb_equal,1,34,False,3,0.5423728813559322,0.6666666666666666,48.0,32.0
v5_rgb_equal,1,35,False,3,0.9010989010989012,0.8541666666666666,48.0,41.0
v5_rgb_equal,1,36,False,3,0.8653846153846154,0.9375,48.0,45.0
v5_rgb_equal,1,37,False,3,0.4578313253012048,0.3958333333333333,48.0,19.0
v5_rgb_equal,1,38,True,8,0.0,0.0,48.0,0.0
v5_rgb_equal,1,39,False,3,0.6593406593406593,0.625,48.0,30.0
v5_rgb_equal,1,40,False,3,0.6341463414634146,0.8125,48.0,39.0
v5_rgb_equal,1,41,False,3,0.4175824175824176,0.3958333333333333,48.0,19.0
v5_rgb_equal,1,42,False,3,0.5416666666666666,0.5416666666666666,48.0,26.0
v5_rgb_equal,1,43,False,4,0.4186046511627907,0.375,48.0,18.0
v5_rgb_equal,1,44,False,4,0.7555555555555555,0.7083333333333334,48.0,34.0
v5_rgb_equal,1,45,True,8,0.1935483870967742,0.1875,48.0,9.0
v5_rgb_equal,1,46,False,4,0.5135135135135135,0.3958333333333333,48.0,19.0
v5_rgb_equal,1,47,False,4,0.8043478260869565,0.7708333333333334,48.0,37.0
v5_rgb_equal,1,48,False,4,0.903846153846154,0.9791666666666666,48.0,47.0
v5_rgb_equal,1,49,False,4,0.196078431372549,0.2083333333333333,48.0,10.0
v5_rgb_equal,1,50,False,4,0.9292929292929292,0.9583333333333334,48.0,46.0
v5_rgb_equal,1,51,False,4,0.1372549019607843,0.1458333333333333,48.0,7.0
v5_rgb_equal,1,52,False,4,0.0677966101694915,0.0416666666666666,48.0,2.0
v5_rgb_equal,1,53,False,4,0.8571428571428571,0.875,48.0,42.0
v5_rgb_equal,1,54,False,4,0.7045454545454546,0.6458333333333334,48.0,31.0
v5_rgb_equal,1,55,False,4,0.6666666666666666,0.6875,48.0,33.0
v5_rgb_equal,1,56,False,4,0.6126126126126126,0.7083333333333334,48.0,34.0
v5_rgb_equal,1,57,False,5,0.8089887640449438,0.782608695652174,46.0,36.0
v5_rgb_equal,1,58,False,5,0.8,0.75,48.0,36.0
v5_rgb_equal,1,59,True,8,0.32,0.25,48.0,12.0
v5_rgb_equal,1,60,True,8,0.6888888888888889,0.6458333333333334,48.0,31.0
v5_rgb_equal,1,61,True,5,0.0934579439252336,0.1041666666666666,48.0,5.0
v5_rgb_equal,1,62,False,5,0.845360824742268,0.8541666666666666,48.0,41.0
v5_rgb_equal,1,63,True,5,0.0833333333333333,0.1041666666666666,48.0,5.0
v5_rgb_equal,1,64,True,8,0.4680851063829787,0.4583333333333333,48.0,22.0
v5_rgb_equal,1,65,True,8,0.1917808219178082,0.1458333333333333,48.0,7.0
v5_rgb_equal,1,66,True,8,0.1612903225806451,0.1041666666666666,48.0,5.0
v5_rgb_equal,1,67,False,5,0.92,0.9583333333333334,48.0,46.0
v5_rgb_equal,1,68,False,5,0.9375,0.9375,48.0,45.0
v5_rgb_equal,1,69,False,5,0.6868686868686869,0.7083333333333334,48.0,34.0
v5_rgb_equal,1,70,True,8,0.1891891891891892,0.1458333333333333,48.0,7.0
v5_rgb_equal,1,71,True,8,0.0298507462686567,0.0208333333333333,48.0,1.0
v5_rgb_equal,1,72,False,6,0.7676767676767676,0.7916666666666666,48.0,38.0
v5_rgb_equal,1,73,False,6,0.4096385542168674,0.3541666666666667,48.0,17.0
v5_rgb_equal,1,74,False,6,0.8,0.9583333333333334,48.0,46.0
v5_rgb_equal,1,75,False,6,0.8571428571428571,0.9375,48.0,45.0
v5_rgb_equal,1,76,False,6,0.8541666666666666,0.8541666666666666,48.0,41.0
v5_rgb_equal,1,77,False,7,0.7766990291262136,0.8333333333333334,48.0,40.0
v5_rgb_equal,1,78,True,8,0.7640449438202247,0.7083333333333334,48.0,34.0
v5_rgb_equal,1,79,True,7,0.1212121212121212,0.0833333333333333,48.0,4.0
v5_rgb_equal,1,80,False,7,0.4705882352941176,0.5,48.0,24.0
v5_rgb_equal,1,81,False,7,0.6105263157894737,0.6041666666666666,48.0,29.0
v5_rgb_equal,1,82,False,8,0.7115384615384616,0.7708333333333334,48.0,37.0
v5_rgb_equal,1,83,False,8,0.7927927927927928,0.9166666666666666,48.0,44.0
v5_rgb_equal,1,84,False,8,0.6495726495726496,0.7916666666666666,48.0,38.0
v5_rgb_equal,1,85,False,8,0.9032258064516128,0.875,48.0,42.0
v5_rgb_equal,1,86,False,8,0.6666666666666666,0.8541666666666666,48.0,41.0
v5_rgb_equal,1,87,False,8,0.7121212121212122,0.9791666666666666,48.0,47.0
v5_rgb_equal,1,88,False,8,0.4869565217391304,0.5833333333333334,48.0,28.0
v5_rgb_equal,1,89,False,8,0.9361702127659576,0.9166666666666666,48.0,44.0
