fold,arm,label,cross,destination_session,f1,recall,support,correct
0,hsi_correction,0,False,0,0.25263157894736843,0.25,,
0,hsi_correction,1,False,0,0.75,0.75,,
0,hsi_correction,2,False,0,0.8958333333333334,0.8958333333333334,,
0,hsi_correction,3,False,0,0.9183673469387755,0.9375,,
0,hsi_correction,4,True,8,0.5205479452054794,0.3958333333333333,,
0,hsi_correction,5,False,1,0.9148936170212766,0.9347826086956522,,
0,hsi_correction,6,False,1,0.55,0.6875,,
0,hsi_correction,7,True,8,0.0,0.0,,
0,hsi_correction,8,False,1,0.7592592592592593,0.8541666666666666,,
0,hsi_correction,9,False,1,0.7307692307692307,0.7916666666666666,,
0,hsi_correction,10,False,1,0.3958333333333333,0.3958333333333333,,
0,hsi_correction,11,False,1,0.6538461538461539,0.7083333333333334,,
0,hsi_correction,12,True,8,0.1111111111111111,0.0625,,
0,hsi_correction,13,False,1,0.8297872340425532,0.8125,,
0,hsi_correction,14,False,1,0.7524752475247525,0.7916666666666666,,
0,hsi_correction,15,False,1,0.8490566037735849,0.9375,,
0,hsi_correction,16,False,1,0.693069306930693,0.7291666666666666,,
0,hsi_correction,17,False,1,0.6947368421052632,0.6875,,
0,hsi_correction,18,False,1,0.7307692307692307,0.7916666666666666,,
0,hsi_correction,19,False,1,0.5636363636363636,0.6458333333333334,,
0,hsi_correction,20,False,2,0.6804123711340206,0.6875,,
0,hsi_correction,21,False,2,0.7954545454545454,0.7291666666666666,,
0,hsi_correction,22,True,2,0.5789473684210527,0.4583333333333333,,
0,hsi_correction,23,False,2,0.76,0.7916666666666666,,
0,hsi_correction,24,False,2,0.8775510204081632,0.8958333333333334,,
0,hsi_correction,25,False,2,0.5585585585585585,0.6458333333333334,,
0,hsi_correction,26,False,2,0.9896907216494846,1.0,,
0,hsi_correction,27,False,2,0.5531914893617021,0.5416666666666666,,
0,hsi_correction,28,False,2,0.9791666666666666,0.9791666666666666,,
0,hsi_correction,29,False,2,0.9263157894736842,0.9166666666666666,,
0,hsi_correction,30,False,2,0.5306122448979592,0.5416666666666666,,
0,hsi_correction,31,False,2,0.912621359223301,0.9791666666666666,,
0,hsi_correction,32,False,2,0.9,0.9375,,
0,hsi_correction,33,False,2,0.6138613861386139,0.6458333333333334,,
0,hsi_correction,34,False,3,0.7096774193548387,0.6875,,
0,hsi_correction,35,False,3,0.7441860465116279,1.0,,
0,hsi_correction,36,False,3,0.8842105263157894,0.875,,
0,hsi_correction,37,False,3,0.4,0.3958333333333333,,
0,hsi_correction,38,True,3,0.0,0.0,,
0,hsi_correction,39,False,3,0.5765765765765766,0.6666666666666666,,
0,hsi_correction,40,False,3,0.7083333333333334,0.7083333333333334,,
0,hsi_correction,41,False,3,0.3076923076923077,0.25,,
0,hsi_correction,42,False,3,0.4523809523809524,0.3958333333333333,,
0,hsi_correction,43,False,4,0.4642857142857143,0.5416666666666666,,
0,hsi_correction,44,False,4,0.631578947368421,0.625,,
0,hsi_correction,45,True,4,0.0,0.0,,
0,hsi_correction,46,False,4,0.6593406593406593,0.625,,
0,hsi_correction,47,False,4,0.8461538461538461,0.9166666666666666,,
0,hsi_correction,48,False,4,0.9166666666666666,0.9166666666666666,,
0,hsi_correction,49,False,4,0.13636363636363635,0.125,,
0,hsi_correction,50,False,4,1.0,1.0,,
0,hsi_correction,51,False,4,0.08247422680412371,0.08333333333333333,,
0,hsi_correction,52,False,4,0.17777777777777778,0.16666666666666666,,
0,hsi_correction,53,False,4,0.8932038834951457,1.0,,
0,hsi_correction,54,False,4,0.54,0.5625,,
0,hsi_correction,55,False,4,0.7157894736842105,0.7083333333333334,,
0,hsi_correction,56,False,4,0.84,0.875,,
0,hsi_correction,57,False,5,0.7307692307692307,0.7916666666666666,,
0,hsi_correction,58,False,5,0.6666666666666666,0.7916666666666666,,
0,hsi_correction,59,True,5,0.2972972972972973,0.22916666666666666,,
0,hsi_correction,60,True,5,0.5263157894736842,0.4166666666666667,,
0,hsi_correction,61,True,8,0.1797752808988764,0.16666666666666666,,
0,hsi_correction,62,False,5,0.6981132075471698,0.7708333333333334,,
0,hsi_correction,63,True,8,0.11594202898550725,0.08333333333333333,,
0,hsi_correction,64,True,5,0.3404255319148936,0.3333333333333333,,
0,hsi_correction,65,True,5,0.08955223880597014,0.0625,,
0,hsi_correction,66,True,5,0.2972972972972973,0.22916666666666666,,
0,hsi_correction,67,False,5,0.9473684210526315,0.9375,,
0,hsi_correction,68,False,5,0.946236559139785,0.9166666666666666,,
0,hsi_correction,69,False,5,0.40540540540540543,0.3125,,
0,hsi_correction,70,True,5,0.034482758620689655,0.020833333333333332,,
0,hsi_correction,71,True,5,0.08823529411764706,0.0625,,
0,hsi_correction,72,False,6,0.7037037037037037,0.7916666666666666,,
0,hsi_correction,73,False,6,0.43283582089552236,0.6041666666666666,,
0,hsi_correction,74,False,6,0.9320388349514563,1.0,,
0,hsi_correction,75,False,6,0.8421052631578947,0.8333333333333334,,
0,hsi_correction,76,False,6,0.82,0.8541666666666666,,
0,hsi_correction,77,False,7,0.8080808080808081,0.8333333333333334,,
0,hsi_correction,78,True,7,0.8636363636363636,0.7916666666666666,,
0,hsi_correction,79,True,8,0.18867924528301888,0.10416666666666667,,
0,hsi_correction,80,False,7,0.45,0.5625,,
0,hsi_correction,81,False,7,0.4276729559748428,0.7391304347826086,,
0,hsi_correction,82,False,8,0.6868686868686869,0.7083333333333334,,
0,hsi_correction,83,False,8,0.7951807228915663,0.6875,,
0,hsi_correction,84,False,8,0.5882352941176471,0.5208333333333334,,
0,hsi_correction,85,False,8,0.7964601769911505,0.9375,,
0,hsi_correction,86,False,8,0.6526315789473685,0.6458333333333334,,
0,hsi_correction,87,False,8,0.8269230769230769,0.8958333333333334,,
0,hsi_correction,88,False,8,0.5671641791044776,0.7916666666666666,,
0,hsi_correction,89,False,8,0.6666666666666666,0.8958333333333334,,
1,hsi_correction,0,False,0,0.2702702702702703,0.3125,,
1,hsi_correction,1,False,0,0.8210526315789474,0.8125,,
1,hsi_correction,2,False,0,0.8723404255319149,0.8541666666666666,,
1,hsi_correction,3,False,0,0.8108108108108109,0.9375,,
1,hsi_correction,4,True,0,0.5333333333333333,0.5,,
1,hsi_correction,5,False,1,0.8571428571428571,0.9333333333333333,,
1,hsi_correction,6,False,1,0.6666666666666666,0.5833333333333334,,
1,hsi_correction,7,True,1,0.0,0.0,,
1,hsi_correction,8,False,1,0.7446808510638298,0.7291666666666666,,
1,hsi_correction,9,False,1,0.7878787878787878,0.8125,,
1,hsi_correction,10,False,1,0.30952380952380953,0.2708333333333333,,
1,hsi_correction,11,False,1,0.4,0.3125,,
1,hsi_correction,12,True,1,0.0,0.0,,
1,hsi_correction,13,False,1,0.7017543859649122,0.8333333333333334,,
1,hsi_correction,14,False,1,0.6938775510204082,0.723404255319149,,
1,hsi_correction,15,False,1,0.7796610169491526,0.9583333333333334,,
1,hsi_correction,16,False,1,0.7307692307692307,0.7916666666666666,,
1,hsi_correction,17,False,1,0.6181818181818182,0.7083333333333334,,
1,hsi_correction,18,False,1,0.7294117647058823,0.6458333333333334,,
1,hsi_correction,19,False,1,0.5168539325842697,0.4791666666666667,,
1,hsi_correction,20,False,2,0.631578947368421,0.625,,
1,hsi_correction,21,False,2,0.6915887850467289,0.7708333333333334,,
1,hsi_correction,22,True,8,0.6216216216216216,0.5111111111111111,,
1,hsi_correction,23,False,2,0.7358490566037735,0.8125,,
1,hsi_correction,24,False,2,0.78,0.8125,,
1,hsi_correction,25,False,2,0.5161290322580645,0.5,,
1,hsi_correction,26,False,2,0.9591836734693877,0.9791666666666666,,
1,hsi_correction,27,False,2,0.46153846153846156,0.5625,,
1,hsi_correction,28,False,2,0.9787234042553191,0.9583333333333334,,
1,hsi_correction,29,False,2,0.8349514563106796,0.8958333333333334,,
1,hsi_correction,30,False,2,0.3,0.3125,,
1,hsi_correction,31,False,2,0.8910891089108911,0.9375,,
1,hsi_correction,32,False,2,0.7640449438202247,0.7083333333333334,,
1,hsi_correction,33,False,2,0.5238095238095238,0.4583333333333333,,
1,hsi_correction,34,False,3,0.5892857142857143,0.6875,,
1,hsi_correction,35,False,3,0.8817204301075269,0.8541666666666666,,
1,hsi_correction,36,False,3,0.8461538461538461,0.9166666666666666,,
1,hsi_correction,37,False,3,0.4772727272727273,0.4375,,
1,hsi_correction,38,True,8,0.0,0.0,,
1,hsi_correction,39,False,3,0.6593406593406593,0.625,,
1,hsi_correction,40,False,3,0.6386554621848739,0.7916666666666666,,
1,hsi_correction,41,False,3,0.49019607843137253,0.5208333333333334,,
1,hsi_correction,42,False,3,0.48598130841121495,0.5416666666666666,,
1,hsi_correction,43,False,4,0.3037974683544304,0.25,,
1,hsi_correction,44,False,4,0.6808510638297872,0.6666666666666666,,
1,hsi_correction,45,True,8,0.043010752688172046,0.041666666666666664,,
1,hsi_correction,46,False,4,0.4594594594594595,0.3541666666666667,,
1,hsi_correction,47,False,4,0.7692307692307693,0.7291666666666666,,
1,hsi_correction,48,False,4,0.9038461538461539,0.9791666666666666,,
1,hsi_correction,49,False,4,0.20869565217391303,0.25,,
1,hsi_correction,50,False,4,0.9473684210526315,0.9375,,
1,hsi_correction,51,False,4,0.09090909090909091,0.08333333333333333,,
1,hsi_correction,52,False,4,0.08571428571428572,0.0625,,
1,hsi_correction,53,False,4,0.88,0.9166666666666666,,
1,hsi_correction,54,False,4,0.7,0.7291666666666666,,
1,hsi_correction,55,False,4,0.66,0.6875,,
1,hsi_correction,56,False,4,0.6095238095238096,0.6666666666666666,,
1,hsi_correction,57,False,5,0.8351648351648352,0.8260869565217391,,
1,hsi_correction,58,False,5,0.7380952380952381,0.6458333333333334,,
1,hsi_correction,59,True,8,0.33766233766233766,0.2708333333333333,,
1,hsi_correction,60,True,8,0.7010309278350515,0.7083333333333334,,
1,hsi_correction,61,True,5,0.12121212121212122,0.125,,
1,hsi_correction,62,False,5,0.8041237113402062,0.8125,,
1,hsi_correction,63,True,5,0.10810810810810811,0.125,,
1,hsi_correction,64,True,8,0.5656565656565656,0.5833333333333334,,
1,hsi_correction,65,True,8,0.2631578947368421,0.20833333333333334,,
1,hsi_correction,66,True,8,0.2608695652173913,0.1875,,
1,hsi_correction,67,False,5,0.8653846153846154,0.9375,,
1,hsi_correction,68,False,5,0.9183673469387755,0.9375,,
1,hsi_correction,69,False,5,0.4827586206896552,0.4375,,
1,hsi_correction,70,True,8,0.20588235294117646,0.14583333333333334,,
1,hsi_correction,71,True,8,0.08108108108108109,0.0625,,
1,hsi_correction,72,False,6,0.7755102040816326,0.7916666666666666,,
1,hsi_correction,73,False,6,0.5106382978723404,0.5,,
1,hsi_correction,74,False,6,0.8141592920353983,0.9583333333333334,,
1,hsi_correction,75,False,6,0.8214285714285714,0.9583333333333334,,
1,hsi_correction,76,False,6,0.851063829787234,0.8333333333333334,,
1,hsi_correction,77,False,7,0.7358490566037735,0.8125,,
1,hsi_correction,78,True,8,0.8431372549019608,0.8958333333333334,,
1,hsi_correction,79,True,7,0.06451612903225806,0.041666666666666664,,
1,hsi_correction,80,False,7,0.47191011235955055,0.4375,,
1,hsi_correction,81,False,7,0.5471698113207547,0.6041666666666666,,
1,hsi_correction,82,False,8,0.7391304347826086,0.7083333333333334,,
1,hsi_correction,83,False,8,0.8288288288288288,0.9583333333333334,,
1,hsi_correction,84,False,8,0.6379310344827587,0.7708333333333334,,
1,hsi_correction,85,False,8,0.9387755102040817,0.9583333333333334,,
1,hsi_correction,86,False,8,0.6197183098591549,0.9166666666666666,,
1,hsi_correction,87,False,8,0.7175572519083969,0.9791666666666666,,
1,hsi_correction,88,False,8,0.5454545454545454,0.625,,
1,hsi_correction,89,False,8,0.898876404494382,0.8333333333333334,,
0,rgb_correction,0,False,0,0.31683168316831684,0.3333333333333333,,
0,rgb_correction,1,False,0,0.7551020408163265,0.7708333333333334,,
0,rgb_correction,2,False,0,0.8737864077669902,0.9375,,
0,rgb_correction,3,False,0,0.9263157894736842,0.9166666666666666,,
0,rgb_correction,4,True,8,0.5897435897435898,0.4791666666666667,,
0,rgb_correction,5,False,1,0.8913043478260869,0.8913043478260869,,
0,rgb_correction,6,False,1,0.5333333333333333,0.5833333333333334,,
0,rgb_correction,7,True,8,0.0,0.0,,
0,rgb_correction,8,False,1,0.7413793103448276,0.8958333333333334,,
0,rgb_correction,9,False,1,0.7142857142857143,0.7291666666666666,,
0,rgb_correction,10,False,1,0.2978723404255319,0.2916666666666667,,
0,rgb_correction,11,False,1,0.5454545454545454,0.5625,,
0,rgb_correction,12,True,8,0.17543859649122806,0.10416666666666667,,
0,rgb_correction,13,False,1,0.7865168539325843,0.7291666666666666,,
0,rgb_correction,14,False,1,0.7572815533980582,0.8125,,
0,rgb_correction,15,False,1,0.8627450980392157,0.9166666666666666,,
0,rgb_correction,16,False,1,0.7037037037037037,0.7916666666666666,,
0,rgb_correction,17,False,1,0.6222222222222222,0.5833333333333334,,
0,rgb_correction,18,False,1,0.7578947368421053,0.75,,
0,rgb_correction,19,False,1,0.5504587155963303,0.625,,
0,rgb_correction,20,False,2,0.7,0.7291666666666666,,
0,rgb_correction,21,False,2,0.7741935483870968,0.75,,
0,rgb_correction,22,True,2,0.6097560975609756,0.5208333333333334,,
0,rgb_correction,23,False,2,0.7207207207207207,0.8333333333333334,,
0,rgb_correction,24,False,2,0.8686868686868687,0.8958333333333334,,
0,rgb_correction,25,False,2,0.5740740740740741,0.6458333333333334,,
0,rgb_correction,26,False,2,0.9504950495049505,1.0,,
0,rgb_correction,27,False,2,0.5494505494505495,0.5208333333333334,,
0,rgb_correction,28,False,2,0.9591836734693877,0.9791666666666666,,
0,rgb_correction,29,False,2,0.8888888888888888,0.9166666666666666,,
0,rgb_correction,30,False,2,0.46464646464646464,0.4791666666666667,,
0,rgb_correction,31,False,2,0.8867924528301887,0.9791666666666666,,
0,rgb_correction,32,False,2,0.8484848484848485,0.875,,
0,rgb_correction,33,False,2,0.5714285714285714,0.625,,
0,rgb_correction,34,False,3,0.6326530612244898,0.6458333333333334,,
0,rgb_correction,35,False,3,0.7230769230769231,0.9791666666666666,,
0,rgb_correction,36,False,3,0.8865979381443299,0.8958333333333334,,
0,rgb_correction,37,False,3,0.4421052631578947,0.4375,,
0,rgb_correction,38,True,3,0.0,0.0,,
0,rgb_correction,39,False,3,0.5849056603773585,0.6458333333333334,,
0,rgb_correction,40,False,3,0.6736842105263158,0.6666666666666666,,
0,rgb_correction,41,False,3,0.36363636363636365,0.2916666666666667,,
0,rgb_correction,42,False,3,0.4888888888888889,0.4583333333333333,,
0,rgb_correction,43,False,4,0.5691056910569106,0.7291666666666666,,
0,rgb_correction,44,False,4,0.6185567010309279,0.625,,
0,rgb_correction,45,True,4,0.031746031746031744,0.02127659574468085,,
0,rgb_correction,46,False,4,0.6363636363636364,0.5833333333333334,,
0,rgb_correction,47,False,4,0.8932038834951457,0.9583333333333334,,
0,rgb_correction,48,False,4,0.9183673469387755,0.9375,,
0,rgb_correction,49,False,4,0.13636363636363635,0.125,,
0,rgb_correction,50,False,4,0.9361702127659575,0.9166666666666666,,
0,rgb_correction,51,False,4,0.10309278350515463,0.10416666666666667,,
0,rgb_correction,52,False,4,0.18181818181818182,0.16666666666666666,,
0,rgb_correction,53,False,4,0.9108910891089109,1.0,,
0,rgb_correction,54,False,4,0.5454545454545454,0.5,,
0,rgb_correction,55,False,4,0.7472527472527473,0.7083333333333334,,
0,rgb_correction,56,False,4,0.819047619047619,0.8958333333333334,,
0,rgb_correction,57,False,5,0.7058823529411765,0.75,,
0,rgb_correction,58,False,5,0.7238095238095238,0.7916666666666666,,
0,rgb_correction,59,True,5,0.34210526315789475,0.2708333333333333,,
0,rgb_correction,60,True,5,0.5,0.3958333333333333,,
0,rgb_correction,61,True,8,0.13333333333333333,0.10416666666666667,,
0,rgb_correction,62,False,5,0.6938775510204082,0.7083333333333334,,
0,rgb_correction,63,True,8,0.13513513513513514,0.10416666666666667,,
0,rgb_correction,64,True,5,0.31683168316831684,0.3333333333333333,,
0,rgb_correction,65,True,5,0.136986301369863,0.10416666666666667,,
0,rgb_correction,66,True,5,0.273972602739726,0.20833333333333334,,
0,rgb_correction,67,False,5,0.9090909090909091,0.9375,,
0,rgb_correction,68,False,5,0.9565217391304348,0.9166666666666666,,
0,rgb_correction,69,False,5,0.6190476190476191,0.5416666666666666,,
0,rgb_correction,70,True,5,0.13333333333333333,0.08333333333333333,,
0,rgb_correction,71,True,5,0.056338028169014086,0.041666666666666664,,
0,rgb_correction,72,False,6,0.7254901960784313,0.7708333333333334,,
0,rgb_correction,73,False,6,0.45528455284552843,0.5833333333333334,,
0,rgb_correction,74,False,6,0.9504950495049505,1.0,,
0,rgb_correction,75,False,6,0.7735849056603774,0.8541666666666666,,
0,rgb_correction,76,False,6,0.8282828282828283,0.8541666666666666,,
0,rgb_correction,77,False,7,0.78,0.8125,,
0,rgb_correction,78,True,7,0.723404255319149,0.7083333333333334,,
0,rgb_correction,79,True,8,0.15384615384615385,0.08333333333333333,,
0,rgb_correction,80,False,7,0.4144144144144144,0.4791666666666667,,
0,rgb_correction,81,False,7,0.4397163120567376,0.6739130434782609,,
0,rgb_correction,82,False,8,0.7096774193548387,0.6875,,
0,rgb_correction,83,False,8,0.75,0.625,,
0,rgb_correction,84,False,8,0.6363636363636364,0.5833333333333334,,
0,rgb_correction,85,False,8,0.7610619469026548,0.8958333333333334,,
0,rgb_correction,86,False,8,0.6736842105263158,0.6666666666666666,,
0,rgb_correction,87,False,8,0.8543689320388349,0.9166666666666666,,
0,rgb_correction,88,False,8,0.6201550387596899,0.8333333333333334,,
0,rgb_correction,89,False,8,0.6567164179104478,0.9166666666666666,,
1,rgb_correction,0,False,0,0.28368794326241137,0.4166666666666667,,
1,rgb_correction,1,False,0,0.7916666666666666,0.7916666666666666,,
1,rgb_correction,2,False,0,0.8842105263157894,0.875,,
1,rgb_correction,3,False,0,0.7777777777777778,0.875,,
1,rgb_correction,4,True,0,0.4473684210526316,0.3541666666666667,,
1,rgb_correction,5,False,1,0.8842105263157894,0.9333333333333333,,
1,rgb_correction,6,False,1,0.6172839506172839,0.5208333333333334,,
1,rgb_correction,7,True,1,0.0,0.0,,
1,rgb_correction,8,False,1,0.7551020408163265,0.7708333333333334,,
1,rgb_correction,9,False,1,0.8210526315789474,0.8125,,
1,rgb_correction,10,False,1,0.36585365853658536,0.3125,,
1,rgb_correction,11,False,1,0.4166666666666667,0.3125,,
1,rgb_correction,12,True,1,0.21818181818181817,0.125,,
1,rgb_correction,13,False,1,0.7090909090909091,0.8125,,
1,rgb_correction,14,False,1,0.693069306930693,0.7446808510638298,,
1,rgb_correction,15,False,1,0.734375,0.9791666666666666,,
1,rgb_correction,16,False,1,0.7079646017699115,0.8333333333333334,,
1,rgb_correction,17,False,1,0.6355140186915887,0.7083333333333334,,
1,rgb_correction,18,False,1,0.7816091954022989,0.7083333333333334,,
1,rgb_correction,19,False,1,0.4418604651162791,0.3958333333333333,,
1,rgb_correction,20,False,2,0.6170212765957447,0.6041666666666666,,
1,rgb_correction,21,False,2,0.6862745098039216,0.7291666666666666,,
1,rgb_correction,22,True,8,0.6666666666666666,0.6222222222222222,,
1,rgb_correction,23,False,2,0.7339449541284404,0.8333333333333334,,
1,rgb_correction,24,False,2,0.7920792079207921,0.8333333333333334,,
1,rgb_correction,25,False,2,0.5773195876288659,0.5833333333333334,,
1,rgb_correction,26,False,2,0.9591836734693877,0.9791666666666666,,
1,rgb_correction,27,False,2,0.47540983606557374,0.6041666666666666,,
1,rgb_correction,28,False,2,0.9484536082474226,0.9583333333333334,,
1,rgb_correction,29,False,2,0.8163265306122449,0.8333333333333334,,
1,rgb_correction,30,False,2,0.2736842105263158,0.2708333333333333,,
1,rgb_correction,31,False,2,0.8490566037735849,0.9375,,
1,rgb_correction,32,False,2,0.8089887640449438,0.75,,
1,rgb_correction,33,False,2,0.5494505494505495,0.5208333333333334,,
1,rgb_correction,34,False,3,0.5309734513274337,0.625,,
1,rgb_correction,35,False,3,0.8888888888888888,0.8333333333333334,,
1,rgb_correction,36,False,3,0.8653846153846154,0.9375,,
1,rgb_correction,37,False,3,0.5376344086021505,0.5208333333333334,,
1,rgb_correction,38,True,8,0.0,0.0,,
1,rgb_correction,39,False,3,0.6444444444444445,0.6041666666666666,,
1,rgb_correction,40,False,3,0.6206896551724138,0.75,,
1,rgb_correction,41,False,3,0.40476190476190477,0.3541666666666667,,
1,rgb_correction,42,False,3,0.4897959183673469,0.5,,
1,rgb_correction,43,False,4,0.4418604651162791,0.3958333333333333,,
1,rgb_correction,44,False,4,0.6888888888888889,0.6458333333333334,,
1,rgb_correction,45,True,8,0.1956521739130435,0.1875,,
1,rgb_correction,46,False,4,0.5,0.3958333333333333,,
1,rgb_correction,47,False,4,0.8131868131868132,0.7708333333333334,,
1,rgb_correction,48,False,4,0.9038461538461539,0.9791666666666666,,
1,rgb_correction,49,False,4,0.2268041237113402,0.22916666666666666,,
1,rgb_correction,50,False,4,0.8775510204081632,0.8958333333333334,,
1,rgb_correction,51,False,4,0.1,0.10416666666666667,,
1,rgb_correction,52,False,4,0.09523809523809523,0.0625,,
1,rgb_correction,53,False,4,0.8541666666666666,0.8541666666666666,,
1,rgb_correction,54,False,4,0.6666666666666666,0.625,,
1,rgb_correction,55,False,4,0.66,0.6875,,
1,rgb_correction,56,False,4,0.6017699115044248,0.7083333333333334,,
1,rgb_correction,57,False,5,0.7640449438202247,0.7391304347826086,,
1,rgb_correction,58,False,5,0.7058823529411765,0.625,,
1,rgb_correction,59,True,8,0.3157894736842105,0.25,,
1,rgb_correction,60,True,8,0.5679012345679012,0.4791666666666667,,
1,rgb_correction,61,True,5,0.12280701754385964,0.14583333333333334,,
1,rgb_correction,62,False,5,0.8260869565217391,0.7916666666666666,,
1,rgb_correction,63,True,5,0.09917355371900827,0.125,,
1,rgb_correction,64,True,8,0.46938775510204084,0.4791666666666667,,
1,rgb_correction,65,True,8,0.08571428571428572,0.0625,,
1,rgb_correction,66,True,8,0.12307692307692308,0.08333333333333333,,
1,rgb_correction,67,False,5,0.8598130841121495,0.9583333333333334,,
1,rgb_correction,68,False,5,0.9183673469387755,0.9375,,
1,rgb_correction,69,False,5,0.6868686868686869,0.7083333333333334,,
1,rgb_correction,70,True,8,0.17391304347826086,0.125,,
1,rgb_correction,71,True,8,0.029411764705882353,0.020833333333333332,,
1,rgb_correction,72,False,6,0.7755102040816326,0.7916666666666666,,
1,rgb_correction,73,False,6,0.4186046511627907,0.375,,
1,rgb_correction,74,False,6,0.8141592920353983,0.9583333333333334,,
1,rgb_correction,75,False,6,0.8363636363636363,0.9583333333333334,,
1,rgb_correction,76,False,6,0.8541666666666666,0.8541666666666666,,
1,rgb_correction,77,False,7,0.7959183673469388,0.8125,,
1,rgb_correction,78,True,8,0.6896551724137931,0.625,,
1,rgb_correction,79,True,7,0.09230769230769231,0.0625,,
1,rgb_correction,80,False,7,0.4631578947368421,0.4583333333333333,,
1,rgb_correction,81,False,7,0.5777777777777777,0.5416666666666666,,
1,rgb_correction,82,False,8,0.7058823529411765,0.75,,
1,rgb_correction,83,False,8,0.7857142857142857,0.9166666666666666,,
1,rgb_correction,84,False,8,0.591304347826087,0.7083333333333334,,
1,rgb_correction,85,False,8,0.8936170212765957,0.875,,
1,rgb_correction,86,False,8,0.6074074074074074,0.8541666666666666,,
1,rgb_correction,87,False,8,0.6962962962962963,0.9791666666666666,,
1,rgb_correction,88,False,8,0.4745762711864407,0.5833333333333334,,
1,rgb_correction,89,False,8,0.9130434782608695,0.875,,
0,equal_single,0,False,0,0.3076923076923077,0.3333333333333333,,
0,equal_single,1,False,0,0.7551020408163265,0.7708333333333334,,
0,equal_single,2,False,0,0.9278350515463918,0.9375,,
0,equal_single,3,False,0,0.9230769230769232,0.875,,
0,equal_single,4,True,8,0.5194805194805194,0.4166666666666667,,
0,equal_single,5,False,1,0.8541666666666666,0.8913043478260869,,
0,equal_single,6,False,1,0.5094339622641509,0.5625,,
0,equal_single,7,True,8,0.0,0.0,,
0,equal_single,8,False,1,0.7339449541284404,0.8333333333333334,,
0,equal_single,9,False,1,0.7346938775510204,0.75,,
0,equal_single,10,False,1,0.3191489361702128,0.3125,,
0,equal_single,11,False,1,0.5567010309278351,0.5625,,
0,equal_single,12,True,8,0.109090909090909,0.0625,,
0,equal_single,13,False,1,0.8,0.75,,
0,equal_single,14,False,1,0.7524752475247525,0.7916666666666666,,
0,equal_single,15,False,1,0.8653846153846154,0.9375,,
0,equal_single,16,False,1,0.7222222222222222,0.8125,,
0,equal_single,17,False,1,0.6804123711340206,0.6875,,
0,equal_single,18,False,1,0.7551020408163265,0.7708333333333334,,
0,equal_single,19,False,1,0.5454545454545454,0.625,,
0,equal_single,20,False,2,0.6666666666666666,0.6458333333333334,,
0,equal_single,21,False,2,0.782608695652174,0.75,,
0,equal_single,22,True,2,0.6410256410256411,0.5208333333333334,,
0,equal_single,23,False,2,0.7169811320754716,0.7916666666666666,,
0,equal_single,24,False,2,0.8484848484848485,0.875,,
0,equal_single,25,False,2,0.5614035087719298,0.6666666666666666,,
0,equal_single,26,False,2,0.9494949494949496,0.9791666666666666,,
0,equal_single,27,False,2,0.5393258426966292,0.5,,
0,equal_single,28,False,2,0.9690721649484536,0.9791666666666666,,
0,equal_single,29,False,2,0.8842105263157894,0.875,,
0,equal_single,30,False,2,0.495049504950495,0.5208333333333334,,
0,equal_single,31,False,2,0.8761904761904762,0.9583333333333334,,
0,equal_single,32,False,2,0.8571428571428571,0.875,,
0,equal_single,33,False,2,0.5544554455445545,0.5833333333333334,,
0,equal_single,34,False,3,0.6666666666666666,0.7083333333333334,,
0,equal_single,35,False,3,0.7580645161290323,0.9791666666666666,,
0,equal_single,36,False,3,0.875,0.875,,
0,equal_single,37,False,3,0.4946236559139785,0.4791666666666667,,
0,equal_single,38,True,3,0.0,0.0,,
0,equal_single,39,False,3,0.5818181818181818,0.6666666666666666,,
0,equal_single,40,False,3,0.6938775510204082,0.7083333333333334,,
0,equal_single,41,False,3,0.2926829268292683,0.25,,
0,equal_single,42,False,3,0.4597701149425287,0.4166666666666667,,
0,equal_single,43,False,4,0.55,0.6875,,
0,equal_single,44,False,4,0.6382978723404256,0.625,,
0,equal_single,45,True,4,0.0333333333333333,0.0212765957446808,,
0,equal_single,46,False,4,0.6590909090909091,0.6041666666666666,,
0,equal_single,47,False,4,0.8411214953271028,0.9375,,
0,equal_single,48,False,4,0.9166666666666666,0.9166666666666666,,
0,equal_single,49,False,4,0.1395348837209302,0.125,,
0,equal_single,50,False,4,0.9696969696969696,1.0,,
0,equal_single,51,False,4,0.1333333333333333,0.1458333333333333,,
0,equal_single,52,False,4,0.2417582417582417,0.2291666666666666,,
0,equal_single,53,False,4,0.8846153846153846,1.0,,
0,equal_single,54,False,4,0.5376344086021505,0.5208333333333334,,
0,equal_single,55,False,4,0.7391304347826086,0.7083333333333334,,
0,equal_single,56,False,4,0.8431372549019608,0.8958333333333334,,
0,equal_single,57,False,5,0.7083333333333334,0.7083333333333334,,
0,equal_single,58,False,5,0.7037037037037037,0.7916666666666666,,
0,equal_single,59,True,5,0.3142857142857143,0.2291666666666666,,
0,equal_single,60,True,5,0.4507042253521127,0.3333333333333333,,
0,equal_single,61,True,8,0.1219512195121951,0.1041666666666666,,
0,equal_single,62,False,5,0.6868686868686869,0.7083333333333334,,
0,equal_single,63,True,8,0.088235294117647,0.0625,,
0,equal_single,64,True,5,0.2758620689655172,0.25,,
0,equal_single,65,True,5,0.1351351351351351,0.1041666666666666,,
0,equal_single,66,True,5,0.2898550724637681,0.2083333333333333,,
0,equal_single,67,False,5,0.9278350515463918,0.9375,,
0,equal_single,68,False,5,0.9574468085106383,0.9375,,
0,equal_single,69,False,5,0.5652173913043478,0.5416666666666666,,
0,equal_single,70,True,5,0.0689655172413793,0.0416666666666666,,
0,equal_single,71,True,5,0.056338028169014,0.0416666666666666,,
0,equal_single,72,False,6,0.7428571428571429,0.8125,,
0,equal_single,73,False,6,0.4032258064516129,0.5208333333333334,,
0,equal_single,74,False,6,0.9411764705882352,1.0,,
0,equal_single,75,False,6,0.7663551401869159,0.8541666666666666,,
0,equal_single,76,False,6,0.7766990291262136,0.8333333333333334,,
0,equal_single,77,False,7,0.7474747474747475,0.7708333333333334,,
0,equal_single,78,True,7,0.6666666666666666,0.625,,
0,equal_single,79,True,8,0.2807017543859649,0.1666666666666666,,
0,equal_single,80,False,7,0.4259259259259259,0.4791666666666667,,
0,equal_single,81,False,7,0.4055944055944055,0.6304347826086957,,
0,equal_single,82,False,8,0.7010309278350515,0.7083333333333334,,
0,equal_single,83,False,8,0.7951807228915663,0.6875,,
0,equal_single,84,False,8,0.6067415730337079,0.5625,,
0,equal_single,85,False,8,0.7666666666666667,0.9583333333333334,,
0,equal_single,86,False,8,0.6436781609195402,0.5833333333333334,,
0,equal_single,87,False,8,0.8571428571428571,0.9375,,
0,equal_single,88,False,8,0.5655172413793104,0.8541666666666666,,
0,equal_single,89,False,8,0.6666666666666666,0.8958333333333334,,
1,equal_single,0,False,0,0.2836879432624113,0.4166666666666667,,
1,equal_single,1,False,0,0.7916666666666666,0.7916666666666666,,
1,equal_single,2,False,0,0.8842105263157894,0.875,,
1,equal_single,3,False,0,0.7777777777777778,0.875,,
1,equal_single,4,True,0,0.4473684210526316,0.3541666666666667,,
1,equal_single,5,False,1,0.8842105263157894,0.9333333333333332,,
1,equal_single,6,False,1,0.6172839506172839,0.5208333333333334,,
1,equal_single,7,True,1,0.0,0.0,,
1,equal_single,8,False,1,0.7551020408163265,0.7708333333333334,,
1,equal_single,9,False,1,0.8210526315789474,0.8125,,
1,equal_single,10,False,1,0.3658536585365853,0.3125,,
1,equal_single,11,False,1,0.4166666666666667,0.3125,,
1,equal_single,12,True,1,0.2181818181818181,0.125,,
1,equal_single,13,False,1,0.7090909090909091,0.8125,,
1,equal_single,14,False,1,0.693069306930693,0.7446808510638298,,
1,equal_single,15,False,1,0.734375,0.9791666666666666,,
1,equal_single,16,False,1,0.7079646017699115,0.8333333333333334,,
1,equal_single,17,False,1,0.6355140186915887,0.7083333333333334,,
1,equal_single,18,False,1,0.7816091954022989,0.7083333333333334,,
1,equal_single,19,False,1,0.4418604651162791,0.3958333333333333,,
1,equal_single,20,False,2,0.6170212765957447,0.6041666666666666,,
1,equal_single,21,False,2,0.6862745098039216,0.7291666666666666,,
1,equal_single,22,True,8,0.6666666666666666,0.6222222222222222,,
1,equal_single,23,False,2,0.7339449541284404,0.8333333333333334,,
1,equal_single,24,False,2,0.7920792079207921,0.8333333333333334,,
1,equal_single,25,False,2,0.5773195876288659,0.5833333333333334,,
1,equal_single,26,False,2,0.9591836734693876,0.9791666666666666,,
1,equal_single,27,False,2,0.4754098360655737,0.6041666666666666,,
1,equal_single,28,False,2,0.9484536082474226,0.9583333333333334,,
1,equal_single,29,False,2,0.8163265306122449,0.8333333333333334,,
1,equal_single,30,False,2,0.2736842105263158,0.2708333333333333,,
1,equal_single,31,False,2,0.8490566037735849,0.9375,,
1,equal_single,32,False,2,0.8089887640449438,0.75,,
1,equal_single,33,False,2,0.5494505494505495,0.5208333333333334,,
1,equal_single,34,False,3,0.5309734513274337,0.625,,
1,equal_single,35,False,3,0.8888888888888888,0.8333333333333334,,
1,equal_single,36,False,3,0.8653846153846154,0.9375,,
1,equal_single,37,False,3,0.5376344086021505,0.5208333333333334,,
1,equal_single,38,True,8,0.0,0.0,,
1,equal_single,39,False,3,0.6444444444444445,0.6041666666666666,,
1,equal_single,40,False,3,0.6206896551724138,0.75,,
1,equal_single,41,False,3,0.4047619047619047,0.3541666666666667,,
1,equal_single,42,False,3,0.4897959183673469,0.5,,
1,equal_single,43,False,4,0.4418604651162791,0.3958333333333333,,
1,equal_single,44,False,4,0.6888888888888889,0.6458333333333334,,
1,equal_single,45,True,8,0.1956521739130435,0.1875,,
1,equal_single,46,False,4,0.5,0.3958333333333333,,
1,equal_single,47,False,4,0.8131868131868132,0.7708333333333334,,
1,equal_single,48,False,4,0.903846153846154,0.9791666666666666,,
1,equal_single,49,False,4,0.2268041237113402,0.2291666666666666,,
1,equal_single,50,False,4,0.8775510204081632,0.8958333333333334,,
1,equal_single,51,False,4,0.1,0.1041666666666666,,
1,equal_single,52,False,4,0.0952380952380952,0.0625,,
1,equal_single,53,False,4,0.8541666666666666,0.8541666666666666,,
1,equal_single,54,False,4,0.6666666666666666,0.625,,
1,equal_single,55,False,4,0.66,0.6875,,
1,equal_single,56,False,4,0.6017699115044248,0.7083333333333334,,
1,equal_single,57,False,5,0.7640449438202247,0.7391304347826086,,
1,equal_single,58,False,5,0.7058823529411765,0.625,,
1,equal_single,59,True,8,0.3157894736842105,0.25,,
1,equal_single,60,True,8,0.5679012345679012,0.4791666666666667,,
1,equal_single,61,True,5,0.1228070175438596,0.1458333333333333,,
1,equal_single,62,False,5,0.8260869565217391,0.7916666666666666,,
1,equal_single,63,True,5,0.0991735537190082,0.125,,
1,equal_single,64,True,8,0.4693877551020408,0.4791666666666667,,
1,equal_single,65,True,8,0.0857142857142857,0.0625,,
1,equal_single,66,True,8,0.123076923076923,0.0833333333333333,,
1,equal_single,67,False,5,0.8598130841121495,0.9583333333333334,,
1,equal_single,68,False,5,0.9183673469387756,0.9375,,
1,equal_single,69,False,5,0.6868686868686869,0.7083333333333334,,
1,equal_single,70,True,8,0.1739130434782608,0.125,,
1,equal_single,71,True,8,0.0294117647058823,0.0208333333333333,,
1,equal_single,72,False,6,0.7755102040816326,0.7916666666666666,,
1,equal_single,73,False,6,0.4186046511627907,0.375,,
1,equal_single,74,False,6,0.8141592920353983,0.9583333333333334,,
1,equal_single,75,False,6,0.8363636363636363,0.9583333333333334,,
1,equal_single,76,False,6,0.8541666666666666,0.8541666666666666,,
1,equal_single,77,False,7,0.7959183673469388,0.8125,,
1,equal_single,78,True,8,0.6896551724137931,0.625,,
1,equal_single,79,True,7,0.0923076923076923,0.0625,,
1,equal_single,80,False,7,0.4631578947368421,0.4583333333333333,,
1,equal_single,81,False,7,0.5777777777777777,0.5416666666666666,,
1,equal_single,82,False,8,0.7058823529411765,0.75,,
1,equal_single,83,False,8,0.7857142857142857,0.9166666666666666,,
1,equal_single,84,False,8,0.591304347826087,0.7083333333333334,,
1,equal_single,85,False,8,0.8936170212765957,0.875,,
1,equal_single,86,False,8,0.6074074074074074,0.8541666666666666,,
1,equal_single,87,False,8,0.6962962962962963,0.9791666666666666,,
1,equal_single,88,False,8,0.4745762711864407,0.5833333333333334,,
1,equal_single,89,False,8,0.9130434782608696,0.875,,
0,learned_residual,0,False,0,0.2916666666666667,0.2916666666666667,,
0,learned_residual,1,False,0,0.7708333333333334,0.7708333333333334,,
0,learned_residual,2,False,0,0.9183673469387756,0.9375,,
0,learned_residual,3,False,0,0.9247311827956988,0.8958333333333334,,
0,learned_residual,4,True,8,0.5405405405405406,0.4166666666666667,,
0,learned_residual,5,False,1,0.9387755102040816,1.0,,
0,learned_residual,6,False,1,0.5299145299145299,0.6458333333333334,,
0,learned_residual,7,True,8,0.0,0.0,,
0,learned_residual,8,False,1,0.7592592592592593,0.8541666666666666,,
0,learned_residual,9,False,1,0.7047619047619048,0.7708333333333334,,
0,learned_residual,10,False,1,0.375,0.375,,
0,learned_residual,11,False,1,0.6019417475728155,0.6458333333333334,,
0,learned_residual,12,True,8,0.109090909090909,0.0625,,
0,learned_residual,13,False,1,0.8260869565217391,0.7916666666666666,,
0,learned_residual,14,False,1,0.7676767676767676,0.7916666666666666,,
0,learned_residual,15,False,1,0.8411214953271028,0.9375,,
0,learned_residual,16,False,1,0.6990291262135923,0.75,,
0,learned_residual,17,False,1,0.6666666666666666,0.6666666666666666,,
0,learned_residual,18,False,1,0.75,0.8125,,
0,learned_residual,19,False,1,0.5607476635514018,0.625,,
0,learned_residual,20,False,2,0.6804123711340206,0.6875,,
0,learned_residual,21,False,2,0.8045977011494253,0.7291666666666666,,
0,learned_residual,22,True,2,0.5866666666666667,0.4583333333333333,,
0,learned_residual,23,False,2,0.7619047619047619,0.8333333333333334,,
0,learned_residual,24,False,2,0.875,0.875,,
0,learned_residual,25,False,2,0.5688073394495413,0.6458333333333334,,
0,learned_residual,26,False,2,0.979591836734694,1.0,,
0,learned_residual,27,False,2,0.5909090909090909,0.5416666666666666,,
0,learned_residual,28,False,2,0.979591836734694,1.0,,
0,learned_residual,29,False,2,0.9375,0.9375,,
0,learned_residual,30,False,2,0.5263157894736842,0.5208333333333334,,
0,learned_residual,31,False,2,0.903846153846154,0.9791666666666666,,
0,learned_residual,32,False,2,0.8712871287128713,0.9166666666666666,,
0,learned_residual,33,False,2,0.6019417475728155,0.6458333333333334,,
0,learned_residual,34,False,3,0.7021276595744681,0.6875,,
0,learned_residual,35,False,3,0.752,0.9791666666666666,,
0,learned_residual,36,False,3,0.8775510204081632,0.8958333333333334,,
0,learned_residual,37,False,3,0.4615384615384615,0.5,,
0,learned_residual,38,True,3,0.0,0.0,,
0,learned_residual,39,False,3,0.5945945945945946,0.6875,,
0,learned_residual,40,False,3,0.6875,0.6875,,
0,learned_residual,41,False,3,0.3291139240506329,0.2708333333333333,,
0,learned_residual,42,False,3,0.5176470588235295,0.4583333333333333,,
0,learned_residual,43,False,4,0.4873949579831932,0.6041666666666666,,
0,learned_residual,44,False,4,0.6458333333333334,0.6458333333333334,,
0,learned_residual,45,True,4,0.0,0.0,,
0,learned_residual,46,False,4,0.6666666666666666,0.625,,
0,learned_residual,47,False,4,0.8461538461538461,0.9166666666666666,,
0,learned_residual,48,False,4,0.9166666666666666,0.9166666666666666,,
0,learned_residual,49,False,4,0.1363636363636363,0.125,,
0,learned_residual,50,False,4,1.0,1.0,,
0,learned_residual,51,False,4,0.0869565217391304,0.0833333333333333,,
0,learned_residual,52,False,4,0.15,0.125,,
0,learned_residual,53,False,4,0.8932038834951457,1.0,,
0,learned_residual,54,False,4,0.5684210526315789,0.5625,,
0,learned_residual,55,False,4,0.7578947368421053,0.75,,
0,learned_residual,56,False,4,0.8627450980392157,0.9166666666666666,,
0,learned_residual,57,False,5,0.72,0.75,,
0,learned_residual,58,False,5,0.672566371681416,0.7916666666666666,,
0,learned_residual,59,True,5,0.2933333333333333,0.2291666666666666,,
0,learned_residual,60,True,5,0.5135135135135135,0.3958333333333333,,
0,learned_residual,61,True,8,0.2022471910112359,0.1875,,
0,learned_residual,62,False,5,0.6851851851851852,0.7708333333333334,,
0,learned_residual,63,True,8,0.1388888888888889,0.1041666666666666,,
0,learned_residual,64,True,5,0.3333333333333333,0.3333333333333333,,
0,learned_residual,65,True,5,0.0895522388059701,0.0625,,
0,learned_residual,66,True,5,0.273972602739726,0.2083333333333333,,
0,learned_residual,67,False,5,0.9361702127659576,0.9166666666666666,,
0,learned_residual,68,False,5,0.946236559139785,0.9166666666666666,,
0,learned_residual,69,False,5,0.4736842105263157,0.375,,
0,learned_residual,70,True,5,0.0350877192982456,0.0208333333333333,,
0,learned_residual,71,True,5,0.0615384615384615,0.0416666666666666,,
0,learned_residual,72,False,6,0.7289719626168224,0.8125,,
0,learned_residual,73,False,6,0.4233576642335766,0.6041666666666666,,
0,learned_residual,74,False,6,0.9320388349514565,1.0,,
0,learned_residual,75,False,6,0.8247422680412371,0.8333333333333334,,
0,learned_residual,76,False,6,0.8118811881188119,0.8541666666666666,,
0,learned_residual,77,False,7,0.8,0.8333333333333334,,
0,learned_residual,78,True,7,0.8314606741573034,0.7708333333333334,,
0,learned_residual,79,True,8,0.1886792452830188,0.1041666666666666,,
0,learned_residual,80,False,7,0.4462809917355372,0.5625,,
0,learned_residual,81,False,7,0.425,0.7391304347826086,,
0,learned_residual,82,False,8,0.6947368421052632,0.6875,,
0,learned_residual,83,False,8,0.7951807228915663,0.6875,,
0,learned_residual,84,False,8,0.6444444444444445,0.6041666666666666,,
0,learned_residual,85,False,8,0.8181818181818182,0.9375,,
0,learned_residual,86,False,8,0.6521739130434783,0.625,,
0,learned_residual,87,False,8,0.8316831683168316,0.875,,
0,learned_residual,88,False,8,0.6029411764705882,0.8541666666666666,,
0,learned_residual,89,False,8,0.6870229007633588,0.9375,,
1,learned_residual,0,False,0,0.2522522522522522,0.2916666666666667,,
1,learned_residual,1,False,0,0.8210526315789474,0.8125,,
1,learned_residual,2,False,0,0.8817204301075269,0.8541666666666666,,
1,learned_residual,3,False,0,0.7964601769911505,0.9375,,
1,learned_residual,4,True,0,0.5476190476190477,0.4791666666666667,,
1,learned_residual,5,False,1,0.8842105263157894,0.9333333333333332,,
1,learned_residual,6,False,1,0.6588235294117647,0.5833333333333334,,
1,learned_residual,7,True,1,0.0,0.0,,
1,learned_residual,8,False,1,0.7391304347826086,0.7083333333333334,,
1,learned_residual,9,False,1,0.8,0.8333333333333334,,
1,learned_residual,10,False,1,0.3058823529411765,0.2708333333333333,,
1,learned_residual,11,False,1,0.3888888888888889,0.2916666666666667,,
1,learned_residual,12,True,1,0.04,0.0208333333333333,,
1,learned_residual,13,False,1,0.7079646017699115,0.8333333333333334,,
1,learned_residual,14,False,1,0.7142857142857143,0.7446808510638298,,
1,learned_residual,15,False,1,0.773109243697479,0.9583333333333334,,
1,learned_residual,16,False,1,0.75,0.8125,,
1,learned_residual,17,False,1,0.6181818181818182,0.7083333333333334,,
1,learned_residual,18,False,1,0.7469879518072289,0.6458333333333334,,
1,learned_residual,19,False,1,0.4946236559139785,0.4791666666666667,,
1,learned_residual,20,False,2,0.6391752577319587,0.6458333333333334,,
1,learned_residual,21,False,2,0.6981132075471698,0.7708333333333334,,
1,learned_residual,22,True,8,0.6578947368421053,0.5555555555555556,,
1,learned_residual,23,False,2,0.7358490566037735,0.8125,,
1,learned_residual,24,False,2,0.7708333333333334,0.7708333333333334,,
1,learned_residual,25,False,2,0.5217391304347826,0.5,,
1,learned_residual,26,False,2,0.9591836734693876,0.9791666666666666,,
1,learned_residual,27,False,2,0.4705882352941176,0.5833333333333334,,
1,learned_residual,28,False,2,0.9787234042553192,0.9583333333333334,,
1,learned_residual,29,False,2,0.8431372549019608,0.8958333333333334,,
1,learned_residual,30,False,2,0.2772277227722772,0.2916666666666667,,
1,learned_residual,31,False,2,0.8761904761904762,0.9583333333333334,,
1,learned_residual,32,False,2,0.7640449438202247,0.7083333333333334,,
1,learned_residual,33,False,2,0.5714285714285714,0.5,,
1,learned_residual,34,False,3,0.5789473684210527,0.6875,,
1,learned_residual,35,False,3,0.8913043478260869,0.8541666666666666,,
1,learned_residual,36,False,3,0.8679245283018868,0.9583333333333334,,
1,learned_residual,37,False,3,0.4772727272727273,0.4375,,
1,learned_residual,38,True,8,0.0,0.0,,
1,learned_residual,39,False,3,0.6590909090909091,0.6041666666666666,,
1,learned_residual,40,False,3,0.6666666666666666,0.8333333333333334,,
1,learned_residual,41,False,3,0.4615384615384615,0.5,,
1,learned_residual,42,False,3,0.5283018867924528,0.5833333333333334,,
1,learned_residual,43,False,4,0.3157894736842105,0.25,,
1,learned_residual,44,False,4,0.6956521739130435,0.6666666666666666,,
1,learned_residual,45,True,8,0.0666666666666666,0.0625,,
1,learned_residual,46,False,4,0.4736842105263157,0.375,,
1,learned_residual,47,False,4,0.7586206896551724,0.6875,,
1,learned_residual,48,False,4,0.9215686274509804,0.9791666666666666,,
1,learned_residual,49,False,4,0.1818181818181818,0.2083333333333333,,
1,learned_residual,50,False,4,0.9375,0.9375,,
1,learned_residual,51,False,4,0.0851063829787234,0.0833333333333333,,
1,learned_residual,52,False,4,0.1038961038961039,0.0833333333333333,,
1,learned_residual,53,False,4,0.88,0.9166666666666666,,
1,learned_residual,54,False,4,0.7058823529411765,0.75,,
1,learned_residual,55,False,4,0.6990291262135923,0.75,,
1,learned_residual,56,False,4,0.6111111111111112,0.6875,,
1,learned_residual,57,False,5,0.8260869565217391,0.8260869565217391,,
1,learned_residual,58,False,5,0.7294117647058823,0.6458333333333334,,
1,learned_residual,59,True,8,0.3037974683544304,0.25,,
1,learned_residual,60,True,8,0.7010309278350515,0.7083333333333334,,
1,learned_residual,61,True,5,0.1224489795918367,0.125,,
1,learned_residual,62,False,5,0.8297872340425532,0.8125,,
1,learned_residual,63,True,5,0.110091743119266,0.125,,
1,learned_residual,64,True,8,0.5858585858585859,0.6041666666666666,,
1,learned_residual,65,True,8,0.2972972972972973,0.2291666666666666,,
1,learned_residual,66,True,8,0.2647058823529412,0.1875,,
1,learned_residual,67,False,5,0.8653846153846154,0.9375,,
1,learned_residual,68,False,5,0.9292929292929292,0.9583333333333334,,
1,learned_residual,69,False,5,0.5227272727272727,0.4791666666666667,,
1,learned_residual,70,True,8,0.2285714285714285,0.1666666666666666,,
1,learned_residual,71,True,8,0.1126760563380281,0.0833333333333333,,
1,learned_residual,72,False,6,0.7628865979381443,0.7708333333333334,,
1,learned_residual,73,False,6,0.4893617021276595,0.4791666666666667,,
1,learned_residual,74,False,6,0.8,0.9583333333333334,,
1,learned_residual,75,False,6,0.8070175438596491,0.9583333333333334,,
1,learned_residual,76,False,6,0.851063829787234,0.8333333333333334,,
1,learned_residual,77,False,7,0.7476635514018691,0.8333333333333334,,
1,learned_residual,78,True,8,0.8686868686868687,0.8958333333333334,,
1,learned_residual,79,True,7,0.064516129032258,0.0416666666666666,,
1,learned_residual,80,False,7,0.4719101123595505,0.4375,,
1,learned_residual,81,False,7,0.5555555555555556,0.625,,
1,learned_residual,82,False,8,0.7659574468085106,0.75,,
1,learned_residual,83,False,8,0.8070175438596491,0.9583333333333334,,
1,learned_residual,84,False,8,0.6440677966101694,0.7916666666666666,,
1,learned_residual,85,False,8,0.9375,0.9375,,
1,learned_residual,86,False,8,0.5942028985507246,0.8541666666666666,,
1,learned_residual,87,False,8,0.7230769230769231,0.9791666666666666,,
1,learned_residual,88,False,8,0.5714285714285714,0.6666666666666666,,
1,learned_residual,89,False,8,0.9333333333333332,0.875,,
0,v5_rgb_equal,0,False,0,0.3366336633663366,0.3541666666666667,48.0,17.0
0,v5_rgb_equal,1,False,0,0.8,0.7916666666666666,48.0,38.0
0,v5_rgb_equal,2,False,0,0.9375,0.9375,48.0,45.0
0,v5_rgb_equal,3,False,0,0.9333333333333332,0.875,48.0,42.0
0,v5_rgb_equal,4,True,8,0.5333333333333333,0.4166666666666667,48.0,20.0
0,v5_rgb_equal,5,False,1,0.8631578947368421,0.8913043478260869,46.0,41.0
0,v5_rgb_equal,6,False,1,0.5376344086021505,0.5208333333333334,48.0,25.0
0,v5_rgb_equal,7,True,8,0.0,0.0,48.0,0.0
0,v5_rgb_equal,8,False,1,0.7142857142857143,0.8333333333333334,48.0,40.0
0,v5_rgb_equal,9,False,1,0.7032967032967034,0.6666666666666666,48.0,32.0
0,v5_rgb_equal,10,False,1,0.419047619047619,0.4583333333333333,48.0,22.0
0,v5_rgb_equal,11,False,1,0.6021505376344086,0.5833333333333334,48.0,28.0
0,v5_rgb_equal,12,True,8,0.109090909090909,0.0625,48.0,3.0
0,v5_rgb_equal,13,False,1,0.8043478260869565,0.7708333333333334,48.0,37.0
0,v5_rgb_equal,14,False,1,0.75,0.8125,48.0,39.0
0,v5_rgb_equal,15,False,1,0.8653846153846154,0.9375,48.0,45.0
0,v5_rgb_equal,16,False,1,0.7090909090909091,0.8125,48.0,39.0
0,v5_rgb_equal,17,False,1,0.6736842105263158,0.6666666666666666,48.0,32.0
0,v5_rgb_equal,18,False,1,0.7474747474747475,0.7708333333333334,48.0,37.0
0,v5_rgb_equal,19,False,1,0.5607476635514018,0.625,48.0,30.0
0,v5_rgb_equal,20,False,2,0.6875,0.6875,48.0,33.0
0,v5_rgb_equal,21,False,2,0.8085106382978723,0.7916666666666666,48.0,38.0
0,v5_rgb_equal,22,True,2,0.6582278481012658,0.5416666666666666,48.0,26.0
0,v5_rgb_equal,23,False,2,0.7272727272727273,0.8333333333333334,48.0,40.0
0,v5_rgb_equal,24,False,2,0.8571428571428571,0.875,48.0,42.0
0,v5_rgb_equal,25,False,2,0.584070796460177,0.6875,48.0,33.0
0,v5_rgb_equal,26,False,2,0.9494949494949496,0.9791666666666666,48.0,47.0
0,v5_rgb_equal,27,False,2,0.5652173913043478,0.5416666666666666,48.0,26.0
0,v5_rgb_equal,28,False,2,0.9591836734693876,0.9791666666666666,48.0,47.0
0,v5_rgb_equal,29,False,2,0.9052631578947368,0.8958333333333334,48.0,43.0
0,v5_rgb_equal,30,False,2,0.4545454545454545,0.5208333333333334,48.0,25.0
0,v5_rgb_equal,31,False,2,0.8932038834951457,0.9583333333333334,48.0,46.0
0,v5_rgb_equal,32,False,2,0.8571428571428571,0.875,48.0,42.0
0,v5_rgb_equal,33,False,2,0.5544554455445545,0.5833333333333334,48.0,28.0
0,v5_rgb_equal,34,False,3,0.6274509803921569,0.6666666666666666,48.0,32.0
0,v5_rgb_equal,35,False,3,0.7377049180327869,0.9375,48.0,45.0
0,v5_rgb_equal,36,False,3,0.8958333333333334,0.8958333333333334,48.0,43.0
0,v5_rgb_equal,37,False,3,0.5625,0.5625,48.0,27.0
0,v5_rgb_equal,38,True,3,0.0,0.0,48.0,0.0
0,v5_rgb_equal,39,False,3,0.6262626262626263,0.6458333333333334,48.0,31.0
0,v5_rgb_equal,40,False,3,0.7021276595744681,0.6875,48.0,33.0
0,v5_rgb_equal,41,False,3,0.3820224719101123,0.3541666666666667,48.0,17.0
0,v5_rgb_equal,42,False,3,0.4651162790697674,0.4166666666666667,48.0,20.0
0,v5_rgb_equal,43,False,4,0.546875,0.7291666666666666,48.0,35.0
0,v5_rgb_equal,44,False,4,0.6818181818181818,0.625,48.0,30.0
0,v5_rgb_equal,45,True,4,0.032258064516129,0.0212765957446808,47.0,1.0
0,v5_rgb_equal,46,False,4,0.6590909090909091,0.6041666666666666,48.0,29.0
0,v5_rgb_equal,47,False,4,0.8380952380952381,0.9166666666666666,48.0,44.0
0,v5_rgb_equal,48,False,4,0.9361702127659576,0.9166666666666666,48.0,44.0
0,v5_rgb_equal,49,False,4,0.1234567901234567,0.1041666666666666,48.0,5.0
0,v5_rgb_equal,50,False,4,0.9696969696969696,1.0,48.0,48.0
0,v5_rgb_equal,51,False,4,0.1224489795918367,0.125,48.0,6.0
0,v5_rgb_equal,52,False,4,0.2291666666666666,0.2291666666666666,48.0,11.0
0,v5_rgb_equal,53,False,4,0.9108910891089108,1.0,46.0,46.0
0,v5_rgb_equal,54,False,4,0.4827586206896552,0.4375,48.0,21.0
0,v5_rgb_equal,55,False,4,0.7096774193548387,0.6875,48.0,33.0
0,v5_rgb_equal,56,False,4,0.86,0.8958333333333334,48.0,43.0
0,v5_rgb_equal,57,False,5,0.7474747474747475,0.7708333333333334,48.0,37.0
0,v5_rgb_equal,58,False,5,0.6964285714285714,0.8125,48.0,39.0
0,v5_rgb_equal,59,True,5,0.3098591549295774,0.2291666666666666,48.0,11.0
0,v5_rgb_equal,60,True,5,0.463768115942029,0.3333333333333333,48.0,16.0
0,v5_rgb_equal,61,True,8,0.1481481481481481,0.125,48.0,6.0
0,v5_rgb_equal,62,False,5,0.7378640776699029,0.7916666666666666,48.0,38.0
0,v5_rgb_equal,63,True,8,0.0579710144927536,0.0416666666666666,48.0,2.0
0,v5_rgb_equal,64,True,5,0.2696629213483146,0.25,48.0,12.0
0,v5_rgb_equal,65,True,5,0.0909090909090909,0.0625,48.0,3.0
0,v5_rgb_equal,66,True,5,0.2769230769230769,0.1875,48.0,9.0
0,v5_rgb_equal,67,False,5,0.9072164948453608,0.9166666666666666,48.0,44.0
0,v5_rgb_equal,68,False,5,0.9574468085106383,0.9375,48.0,45.0
0,v5_rgb_equal,69,False,5,0.5591397849462365,0.5416666666666666,48.0,26.0
0,v5_rgb_equal,70,True,5,0.1311475409836065,0.0833333333333333,48.0,4.0
0,v5_rgb_equal,71,True,5,0.0,0.0,48.0,0.0
0,v5_rgb_equal,72,False,6,0.76,0.7916666666666666,48.0,38.0
0,v5_rgb_equal,73,False,6,0.4360902255639097,0.6041666666666666,48.0,29.0
0,v5_rgb_equal,74,False,6,0.9411764705882352,1.0,48.0,48.0
0,v5_rgb_equal,75,False,6,0.7238095238095238,0.7916666666666666,48.0,38.0
0,v5_rgb_equal,76,False,6,0.7692307692307693,0.8333333333333334,48.0,40.0
0,v5_rgb_equal,77,False,7,0.7254901960784313,0.7708333333333334,48.0,37.0
0,v5_rgb_equal,78,True,7,0.6436781609195402,0.5833333333333334,48.0,28.0
0,v5_rgb_equal,79,True,8,0.2807017543859649,0.1666666666666666,48.0,8.0
0,v5_rgb_equal,80,False,7,0.35,0.4375,48.0,21.0
0,v5_rgb_equal,81,False,7,0.4768211920529801,0.782608695652174,46.0,36.0
0,v5_rgb_equal,82,False,8,0.7070707070707071,0.7291666666666666,48.0,35.0
0,v5_rgb_equal,83,False,8,0.8192771084337349,0.7083333333333334,48.0,34.0
0,v5_rgb_equal,84,False,8,0.5609756097560976,0.4791666666666667,48.0,23.0
0,v5_rgb_equal,85,False,8,0.7666666666666667,0.9583333333333334,48.0,46.0
0,v5_rgb_equal,86,False,8,0.6813186813186813,0.6458333333333334,48.0,31.0
0,v5_rgb_equal,87,False,8,0.8823529411764706,0.9375,48.0,45.0
0,v5_rgb_equal,88,False,8,0.5695364238410596,0.8958333333333334,48.0,43.0
0,v5_rgb_equal,89,False,8,0.676923076923077,0.9166666666666666,48.0,44.0
1,v5_rgb_equal,0,False,0,0.25,0.375,48.0,18.0
1,v5_rgb_equal,1,False,0,0.8085106382978723,0.7916666666666666,48.0,38.0
1,v5_rgb_equal,2,False,0,0.9032258064516128,0.875,48.0,42.0
1,v5_rgb_equal,3,False,0,0.7889908256880734,0.8958333333333334,48.0,43.0
1,v5_rgb_equal,4,True,0,0.4057971014492754,0.2916666666666667,48.0,14.0
1,v5_rgb_equal,5,False,1,0.8936170212765957,0.9333333333333332,45.0,42.0
1,v5_rgb_equal,6,False,1,0.5609756097560976,0.4791666666666667,48.0,23.0
1,v5_rgb_equal,7,True,1,0.0,0.0,48.0,0.0
1,v5_rgb_equal,8,False,1,0.7659574468085106,0.75,48.0,36.0
1,v5_rgb_equal,9,False,1,0.8222222222222222,0.7708333333333334,48.0,37.0
1,v5_rgb_equal,10,False,1,0.4,0.3541666666666667,48.0,17.0
1,v5_rgb_equal,11,False,1,0.2941176470588235,0.2083333333333333,48.0,10.0
1,v5_rgb_equal,12,True,1,0.2456140350877192,0.1458333333333333,48.0,7.0
1,v5_rgb_equal,13,False,1,0.7289719626168224,0.8125,48.0,39.0
1,v5_rgb_equal,14,False,1,0.7021276595744681,0.7021276595744681,47.0,33.0
1,v5_rgb_equal,15,False,1,0.706766917293233,0.9791666666666666,48.0,47.0
1,v5_rgb_equal,16,False,1,0.6972477064220184,0.7916666666666666,48.0,38.0
1,v5_rgb_equal,17,False,1,0.6542056074766355,0.7291666666666666,48.0,35.0
1,v5_rgb_equal,18,False,1,0.7333333333333333,0.6875,48.0,33.0
1,v5_rgb_equal,19,False,1,0.5287356321839081,0.4791666666666667,48.0,23.0
1,v5_rgb_equal,20,False,2,0.625,0.625,48.0,30.0
1,v5_rgb_equal,21,False,2,0.6990291262135923,0.75,48.0,36.0
1,v5_rgb_equal,22,True,8,0.6666666666666666,0.6222222222222222,45.0,28.0
1,v5_rgb_equal,23,False,2,0.7358490566037735,0.8125,48.0,39.0
1,v5_rgb_equal,24,False,2,0.8080808080808081,0.8333333333333334,48.0,40.0
1,v5_rgb_equal,25,False,2,0.5473684210526316,0.5416666666666666,48.0,26.0
1,v5_rgb_equal,26,False,2,0.96,1.0,48.0,48.0
1,v5_rgb_equal,27,False,2,0.4793388429752066,0.6041666666666666,48.0,29.0
1,v5_rgb_equal,28,False,2,0.9484536082474226,0.9583333333333334,48.0,46.0
1,v5_rgb_equal,29,False,2,0.8282828282828283,0.8541666666666666,48.0,41.0
1,v5_rgb_equal,30,False,2,0.3047619047619048,0.3333333333333333,48.0,16.0
1,v5_rgb_equal,31,False,2,0.8490566037735849,0.9375,48.0,45.0
1,v5_rgb_equal,32,False,2,0.8045977011494253,0.7291666666666666,48.0,35.0
1,v5_rgb_equal,33,False,2,0.5567010309278351,0.5625,48.0,27.0
1,v5_rgb_equal,34,False,3,0.5423728813559322,0.6666666666666666,48.0,32.0
1,v5_rgb_equal,35,False,3,0.9010989010989012,0.8541666666666666,48.0,41.0
1,v5_rgb_equal,36,False,3,0.8653846153846154,0.9375,48.0,45.0
1,v5_rgb_equal,37,False,3,0.4578313253012048,0.3958333333333333,48.0,19.0
1,v5_rgb_equal,38,True,8,0.0,0.0,48.0,0.0
1,v5_rgb_equal,39,False,3,0.6593406593406593,0.625,48.0,30.0
1,v5_rgb_equal,40,False,3,0.6341463414634146,0.8125,48.0,39.0
1,v5_rgb_equal,41,False,3,0.4175824175824176,0.3958333333333333,48.0,19.0
1,v5_rgb_equal,42,False,3,0.5416666666666666,0.5416666666666666,48.0,26.0
1,v5_rgb_equal,43,False,4,0.4186046511627907,0.375,48.0,18.0
1,v5_rgb_equal,44,False,4,0.7555555555555555,0.7083333333333334,48.0,34.0
1,v5_rgb_equal,45,True,8,0.1935483870967742,0.1875,48.0,9.0
1,v5_rgb_equal,46,False,4,0.5135135135135135,0.3958333333333333,48.0,19.0
1,v5_rgb_equal,47,False,4,0.8043478260869565,0.7708333333333334,48.0,37.0
1,v5_rgb_equal,48,False,4,0.903846153846154,0.9791666666666666,48.0,47.0
1,v5_rgb_equal,49,False,4,0.196078431372549,0.2083333333333333,48.0,10.0
1,v5_rgb_equal,50,False,4,0.9292929292929292,0.9583333333333334,48.0,46.0
1,v5_rgb_equal,51,False,4,0.1372549019607843,0.1458333333333333,48.0,7.0
1,v5_rgb_equal,52,False,4,0.0677966101694915,0.0416666666666666,48.0,2.0
1,v5_rgb_equal,53,False,4,0.8571428571428571,0.875,48.0,42.0
1,v5_rgb_equal,54,False,4,0.7045454545454546,0.6458333333333334,48.0,31.0
1,v5_rgb_equal,55,False,4,0.6666666666666666,0.6875,48.0,33.0
1,v5_rgb_equal,56,False,4,0.6126126126126126,0.7083333333333334,48.0,34.0
1,v5_rgb_equal,57,False,5,0.8089887640449438,0.782608695652174,46.0,36.0
1,v5_rgb_equal,58,False,5,0.8,0.75,48.0,36.0
1,v5_rgb_equal,59,True,8,0.32,0.25,48.0,12.0
1,v5_rgb_equal,60,True,8,0.6888888888888889,0.6458333333333334,48.0,31.0
1,v5_rgb_equal,61,True,5,0.0934579439252336,0.1041666666666666,48.0,5.0
1,v5_rgb_equal,62,False,5,0.845360824742268,0.8541666666666666,48.0,41.0
1,v5_rgb_equal,63,True,5,0.0833333333333333,0.1041666666666666,48.0,5.0
1,v5_rgb_equal,64,True,8,0.4680851063829787,0.4583333333333333,48.0,22.0
1,v5_rgb_equal,65,True,8,0.1917808219178082,0.1458333333333333,48.0,7.0
1,v5_rgb_equal,66,True,8,0.1612903225806451,0.1041666666666666,48.0,5.0
1,v5_rgb_equal,67,False,5,0.92,0.9583333333333334,48.0,46.0
1,v5_rgb_equal,68,False,5,0.9375,0.9375,48.0,45.0
1,v5_rgb_equal,69,False,5,0.6868686868686869,0.7083333333333334,48.0,34.0
1,v5_rgb_equal,70,True,8,0.1891891891891892,0.1458333333333333,48.0,7.0
1,v5_rgb_equal,71,True,8,0.0298507462686567,0.0208333333333333,48.0,1.0
1,v5_rgb_equal,72,False,6,0.7676767676767676,0.7916666666666666,48.0,38.0
1,v5_rgb_equal,73,False,6,0.4096385542168674,0.3541666666666667,48.0,17.0
1,v5_rgb_equal,74,False,6,0.8,0.9583333333333334,48.0,46.0
1,v5_rgb_equal,75,False,6,0.8571428571428571,0.9375,48.0,45.0
1,v5_rgb_equal,76,False,6,0.8541666666666666,0.8541666666666666,48.0,41.0
1,v5_rgb_equal,77,False,7,0.7766990291262136,0.8333333333333334,48.0,40.0
1,v5_rgb_equal,78,True,8,0.7640449438202247,0.7083333333333334,48.0,34.0
1,v5_rgb_equal,79,True,7,0.1212121212121212,0.0833333333333333,48.0,4.0
1,v5_rgb_equal,80,False,7,0.4705882352941176,0.5,48.0,24.0
1,v5_rgb_equal,81,False,7,0.6105263157894737,0.6041666666666666,48.0,29.0
1,v5_rgb_equal,82,False,8,0.7115384615384616,0.7708333333333334,48.0,37.0
1,v5_rgb_equal,83,False,8,0.7927927927927928,0.9166666666666666,48.0,44.0
1,v5_rgb_equal,84,False,8,0.6495726495726496,0.7916666666666666,48.0,38.0
1,v5_rgb_equal,85,False,8,0.9032258064516128,0.875,48.0,42.0
1,v5_rgb_equal,86,False,8,0.6666666666666666,0.8541666666666666,48.0,41.0
1,v5_rgb_equal,87,False,8,0.7121212121212122,0.9791666666666666,48.0,47.0
1,v5_rgb_equal,88,False,8,0.4869565217391304,0.5833333333333334,48.0,28.0
1,v5_rgb_equal,89,False,8,0.9361702127659576,0.9166666666666666,48.0,44.0
