fold,hsi,subset,n,both_correct,rgb_only_correct,hsi_only_correct,both_wrong,oracle_accuracy,disagreement
0,hsi_q32,all,4311,0.329389932730225,0.12340524240315472,0.22825330549756437,0.3189515193690559,0.6810484806309441,0.6302482022732545
0,hsi_q32,same,3498,0.4010863350485992,0.11749571183533447,0.26758147512864494,0.2138364779874214,0.7861635220125787,0.577472841623785
0,hsi_q32,cross,813,0.020910209102091022,0.14883148831488316,0.05904059040590406,0.7712177121771218,0.22878228782287824,0.8573185731857319
0,hsi_q214_own,all,4311,0.33194154488517746,0.12085363024820227,0.259800510322431,0.2874043145441893,0.7125956854558108,0.6332637439109255
0,hsi_q214_own,same,3498,0.4068038879359634,0.11177815894797027,0.30903373356203545,0.17238421955403088,0.8276157804459692,0.5780445969125214
0,hsi_q214_own,cross,813,0.00984009840098401,0.15990159901599016,0.04797047970479705,0.7822878228782287,0.2177121771217712,0.8708487084870848
0,v5_tta_s0,all,4311,0.33820459290187893,0.11459058223150081,0.25005799118533983,0.2971468336812804,0.7028531663187195,0.6263048016701461
0,v5_tta_s0,same,3498,0.40508862206975416,0.11349342481417952,0.27815894797026874,0.2032590051457976,0.7967409948542024,0.5737564322469982
0,v5_tta_s0,cross,813,0.05043050430504305,0.11931119311193111,0.12915129151291513,0.7011070110701108,0.2988929889298893,0.8523985239852399
0,v5_tta_s1,all,4311,0.3419160287636279,0.1108791463697518,0.251681744374855,0.29552308049176523,0.7044769195082348,0.6207376478775226
0,v5_tta_s1,same,3498,0.4099485420240137,0.10863350485991996,0.274442538593482,0.20697541452258433,0.7930245854774156,0.566609491137793
0,v5_tta_s1,cross,813,0.04920049200492005,0.12054120541205413,0.15375153751537515,0.6765067650676507,0.3234932349323493,0.8536285362853628
0,v5_tta_s2,all,4311,0.3495708652284853,0.10322430990489445,0.2565530039434006,0.2906518209232197,0.7093481790767804,0.6137787056367432
0,v5_tta_s2,same,3498,0.41852487135506006,0.10005717552887364,0.2775871926815323,0.20383076043453402,0.796169239565466,0.5574614065180102
0,v5_tta_s2,cross,813,0.05289052890528905,0.11685116851168512,0.16605166051660517,0.6642066420664207,0.33579335793357934,0.8560885608856088
1,hsi_q32,all,4309,0.33766535158969596,0.11557205848224646,0.21930842422835925,0.3274541656996983,0.6725458343003017,0.6110466465537248
1,hsi_q32,same,3494,0.41327990841442475,0.11877504293073841,0.25500858614768174,0.21293646250715512,0.7870635374928449,0.5623926731539782
1,hsi_q32,cross,815,0.013496932515337423,0.10184049079754601,0.06625766871165645,0.8184049079754602,0.18159509202453988,0.8196319018404908
1,hsi_q214_own,all,4309,0.3320956138315154,0.12114179624042701,0.2531909955906243,0.2935715943374333,0.7064284056625667,0.6279879322348573
1,hsi_q214_own,same,3494,0.407842014882656,0.12421293646250715,0.3002289639381797,0.16771608471665714,0.8322839152833429,0.5795649685174585
1,hsi_q214_own,cross,815,0.007361963190184049,0.10797546012269939,0.051533742331288344,0.8331288343558282,0.1668711656441718,0.8355828220858895
1,v5_tta_s0,all,4309,0.3448595961940125,0.10837781387792991,0.23578556509631005,0.3109770248317475,0.6890229751682525,0.6075655604548619
1,v5_tta_s0,same,3494,0.41642816256439613,0.11562678878076703,0.2552947910704064,0.21265025758443046,0.7873497424155695,0.5612478534630796
1,v5_tta_s0,cross,815,0.03803680981595092,0.07730061349693251,0.1521472392638037,0.7325153374233129,0.2674846625766871,0.8061349693251534
1,v5_tta_s1,all,4309,0.3501972615456022,0.10304014852634022,0.24553260617312603,0.30122998375493154,0.6987700162450685,0.6036203295428174
1,v5_tta_s1,same,3494,0.42157985117344016,0.11047510017172295,0.2650257584430452,0.20291929021179164,0.7970807097882083,0.5566685746994848
1,v5_tta_s1,cross,815,0.044171779141104296,0.07116564417177915,0.1619631901840491,0.7226993865030675,0.2773006134969325,0.8049079754601227
1,v5_tta_s2,all,4309,0.3462520306335577,0.10698537943838478,0.23624970990949176,0.3105128800185658,0.6894871199814342,0.6047806915757716
1,v5_tta_s2,same,3494,0.41556954779622207,0.11648540354894105,0.2575844304522038,0.21036061820263308,0.7896393817973669,0.5601030337721808
1,v5_tta_s2,cross,815,0.049079754601226995,0.06625766871165645,0.14478527607361963,0.7398773006134969,0.26012269938650306,0.7963190184049079
