fold,epoch,calib_f1,train_accuracy
0,0,0.7536016481320919,0.9975550174713135
0,1,0.7647993190924048,0.9989133477210999
0,2,0.7816148552552061,0.9997283220291138
0,3,0.7864715265050661,1.0
0,4,0.7952708133513088,1.0
0,5,0.7876707852404446,1.0
0,6,0.7889893841777226,1.0
0,7,0.7870239533810225,1.0
0,8,0.7918788069897461,1.0
0,9,0.7920000502688841,1.0
0,10,0.7951108705726868,1.0
0,11,0.7920370503058842,1.0
0,12,0.7910250464094633,1.0
0,13,0.7902696543795615,1.0
0,14,0.7892737240208861,1.0
0,15,0.7918982980670285,1.0
0,16,0.7887901933902965,1.0
0,17,0.789265143277011,1.0
0,18,0.7907565005036624,1.0
0,19,0.7908216205687825,1.0
1,0,0.7685403454856499,0.9932120442390442
1,1,0.7679858252820069,0.9980993866920471
1,2,0.7737452017844174,0.9989139437675476
1,3,0.7753633285263831,0.9994569420814514
1,4,0.77877419144705,0.9997285008430481
1,5,0.782724134979037,0.9997285008430481
1,6,0.7902783073861505,0.9997285008430481
1,7,0.7921093335438021,1.0
1,8,0.7820803413992268,1.0
1,9,0.7854650106610892,1.0
1,10,0.7857495699652564,1.0
1,11,0.7834191550909817,1.0
1,12,0.7869432658080748,1.0
1,13,0.7814037396880533,1.0
1,14,0.7873229877564244,1.0
1,15,0.7855423788266926,1.0
1,16,0.7841017645352012,1.0
1,17,0.7820244697205482,1.0
1,18,0.7830112516387027,1.0
1,19,0.7822899504272054,1.0
1,20,0.7885455412416197,1.0
1,21,0.7842883786511237,1.0
1,22,0.7854787970887043,1.0
