fold,arm,label,cross,f1,recall
0,equal_tta,0,False,0.33663366336633666,0.3541666666666667
0,equal_tta,1,False,0.8,0.7916666666666666
0,equal_tta,2,False,0.9375,0.9375
0,equal_tta,3,False,0.9333333333333333,0.875
0,equal_tta,4,True,0.5333333333333333,0.4166666666666667
0,equal_tta,5,False,0.8631578947368421,0.8913043478260869
0,equal_tta,6,False,0.5376344086021505,0.5208333333333334
0,equal_tta,7,True,0.0,0.0
0,equal_tta,8,False,0.7142857142857143,0.8333333333333334
0,equal_tta,9,False,0.7032967032967034,0.6666666666666666
0,equal_tta,10,False,0.41904761904761906,0.4583333333333333
0,equal_tta,11,False,0.6021505376344086,0.5833333333333334
0,equal_tta,12,True,0.10909090909090909,0.0625
0,equal_tta,13,False,0.8043478260869565,0.7708333333333334
0,equal_tta,14,False,0.75,0.8125
0,equal_tta,15,False,0.8653846153846154,0.9375
0,equal_tta,16,False,0.7090909090909091,0.8125
0,equal_tta,17,False,0.6736842105263158,0.6666666666666666
0,equal_tta,18,False,0.7474747474747475,0.7708333333333334
0,equal_tta,19,False,0.5607476635514018,0.625
0,equal_tta,20,False,0.6875,0.6875
0,equal_tta,21,False,0.8085106382978723,0.7916666666666666
0,equal_tta,22,True,0.6582278481012658,0.5416666666666666
0,equal_tta,23,False,0.7272727272727273,0.8333333333333334
0,equal_tta,24,False,0.8571428571428571,0.875
0,equal_tta,25,False,0.584070796460177,0.6875
0,equal_tta,26,False,0.9494949494949495,0.9791666666666666
0,equal_tta,27,False,0.5652173913043478,0.5416666666666666
0,equal_tta,28,False,0.9591836734693877,0.9791666666666666
0,equal_tta,29,False,0.9052631578947369,0.8958333333333334
0,equal_tta,30,False,0.45454545454545453,0.5208333333333334
0,equal_tta,31,False,0.8932038834951457,0.9583333333333334
0,equal_tta,32,False,0.8571428571428571,0.875
0,equal_tta,33,False,0.5544554455445545,0.5833333333333334
0,equal_tta,34,False,0.6274509803921569,0.6666666666666666
0,equal_tta,35,False,0.7377049180327869,0.9375
0,equal_tta,36,False,0.8958333333333334,0.8958333333333334
0,equal_tta,37,False,0.5625,0.5625
0,equal_tta,38,True,0.0,0.0
0,equal_tta,39,False,0.6262626262626263,0.6458333333333334
0,equal_tta,40,False,0.7021276595744681,0.6875
0,equal_tta,41,False,0.38202247191011235,0.3541666666666667
0,equal_tta,42,False,0.46511627906976744,0.4166666666666667
0,equal_tta,43,False,0.546875,0.7291666666666666
0,equal_tta,44,False,0.6818181818181818,0.625
0,equal_tta,45,True,0.03225806451612903,0.02127659574468085
0,equal_tta,46,False,0.6590909090909091,0.6041666666666666
0,equal_tta,47,False,0.8380952380952381,0.9166666666666666
0,equal_tta,48,False,0.9361702127659575,0.9166666666666666
0,equal_tta,49,False,0.12345679012345678,0.10416666666666667
0,equal_tta,50,False,0.9696969696969697,1.0
0,equal_tta,51,False,0.12244897959183673,0.125
0,equal_tta,52,False,0.22916666666666666,0.22916666666666666
0,equal_tta,53,False,0.9108910891089109,1.0
0,equal_tta,54,False,0.4827586206896552,0.4375
0,equal_tta,55,False,0.7096774193548387,0.6875
0,equal_tta,56,False,0.86,0.8958333333333334
0,equal_tta,57,False,0.7474747474747475,0.7708333333333334
0,equal_tta,58,False,0.6964285714285714,0.8125
0,equal_tta,59,True,0.30985915492957744,0.22916666666666666
0,equal_tta,60,True,0.463768115942029,0.3333333333333333
0,equal_tta,61,True,0.14814814814814814,0.125
0,equal_tta,62,False,0.7378640776699029,0.7916666666666666
0,equal_tta,63,True,0.057971014492753624,0.041666666666666664
0,equal_tta,64,True,0.2696629213483146,0.25
0,equal_tta,65,True,0.09090909090909091,0.0625
0,equal_tta,66,True,0.27692307692307694,0.1875
0,equal_tta,67,False,0.9072164948453608,0.9166666666666666
0,equal_tta,68,False,0.9574468085106383,0.9375
0,equal_tta,69,False,0.5591397849462365,0.5416666666666666
0,equal_tta,70,True,0.13114754098360656,0.08333333333333333
0,equal_tta,71,True,0.0,0.0
0,equal_tta,72,False,0.76,0.7916666666666666
0,equal_tta,73,False,0.43609022556390975,0.6041666666666666
0,equal_tta,74,False,0.9411764705882353,1.0
0,equal_tta,75,False,0.7238095238095238,0.7916666666666666
0,equal_tta,76,False,0.7692307692307693,0.8333333333333334
0,equal_tta,77,False,0.7254901960784313,0.7708333333333334
0,equal_tta,78,True,0.6436781609195402,0.5833333333333334
0,equal_tta,79,True,0.2807017543859649,0.16666666666666666
0,equal_tta,80,False,0.35,0.4375
0,equal_tta,81,False,0.4768211920529801,0.782608695652174
0,equal_tta,82,False,0.7070707070707071,0.7291666666666666
0,equal_tta,83,False,0.8192771084337349,0.7083333333333334
0,equal_tta,84,False,0.5609756097560976,0.4791666666666667
0,equal_tta,85,False,0.7666666666666667,0.9583333333333334
0,equal_tta,86,False,0.6813186813186813,0.6458333333333334
0,equal_tta,87,False,0.8823529411764706,0.9375
0,equal_tta,88,False,0.5695364238410596,0.8958333333333334
0,equal_tta,89,False,0.676923076923077,0.9166666666666666
0,tta_trained_residual,0,False,0.34782608695652173,0.3333333333333333
0,tta_trained_residual,1,False,0.7872340425531915,0.7708333333333334
0,tta_trained_residual,2,False,0.8979591836734694,0.9166666666666666
0,tta_trained_residual,3,False,0.9347826086956522,0.8958333333333334
0,tta_trained_residual,4,True,0.56,0.4375
0,tta_trained_residual,5,False,0.9263157894736842,0.9565217391304348
0,tta_trained_residual,6,False,0.5882352941176471,0.625
0,tta_trained_residual,7,True,0.0,0.0
0,tta_trained_residual,8,False,0.7924528301886793,0.875
0,tta_trained_residual,9,False,0.7157894736842105,0.7083333333333334
0,tta_trained_residual,10,False,0.4423076923076923,0.4791666666666667
0,tta_trained_residual,11,False,0.6138613861386139,0.6458333333333334
0,tta_trained_residual,12,True,0.10909090909090909,0.0625
0,tta_trained_residual,13,False,0.8131868131868132,0.7708333333333334
0,tta_trained_residual,14,False,0.7722772277227723,0.8125
0,tta_trained_residual,15,False,0.8653846153846154,0.9375
0,tta_trained_residual,16,False,0.7169811320754716,0.7916666666666666
0,tta_trained_residual,17,False,0.6804123711340206,0.6875
0,tta_trained_residual,18,False,0.7878787878787878,0.8125
0,tta_trained_residual,19,False,0.5871559633027523,0.6666666666666666
0,tta_trained_residual,20,False,0.6938775510204082,0.7083333333333334
0,tta_trained_residual,21,False,0.8478260869565217,0.8125
0,tta_trained_residual,22,True,0.6153846153846154,0.5
0,tta_trained_residual,23,False,0.7476635514018691,0.8333333333333334
0,tta_trained_residual,24,False,0.8888888888888888,0.9166666666666666
0,tta_trained_residual,25,False,0.6181818181818182,0.7083333333333334
0,tta_trained_residual,26,False,0.9696969696969697,1.0
0,tta_trained_residual,27,False,0.5714285714285714,0.5416666666666666
0,tta_trained_residual,28,False,0.9696969696969697,1.0
0,tta_trained_residual,29,False,0.9263157894736842,0.9166666666666666
0,tta_trained_residual,30,False,0.5523809523809524,0.6041666666666666
0,tta_trained_residual,31,False,0.8952380952380953,0.9791666666666666
0,tta_trained_residual,32,False,0.88,0.9166666666666666
0,tta_trained_residual,33,False,0.6458333333333334,0.6458333333333334
0,tta_trained_residual,34,False,0.6938775510204082,0.7083333333333334
0,tta_trained_residual,35,False,0.7244094488188977,0.9583333333333334
0,tta_trained_residual,36,False,0.9090909090909091,0.9375
0,tta_trained_residual,37,False,0.5714285714285714,0.625
0,tta_trained_residual,38,True,0.0,0.0
0,tta_trained_residual,39,False,0.6037735849056604,0.6666666666666666
0,tta_trained_residual,40,False,0.7021276595744681,0.6875
0,tta_trained_residual,41,False,0.3855421686746988,0.3333333333333333
0,tta_trained_residual,42,False,0.525,0.4375
0,tta_trained_residual,43,False,0.5230769230769231,0.7083333333333334
0,tta_trained_residual,44,False,0.7070707070707071,0.7291666666666666
0,tta_trained_residual,45,True,0.0,0.0
0,tta_trained_residual,46,False,0.6881720430107527,0.6666666666666666
0,tta_trained_residual,47,False,0.8627450980392157,0.9166666666666666
0,tta_trained_residual,48,False,0.9166666666666666,0.9166666666666666
0,tta_trained_residual,49,False,0.15789473684210525,0.125
0,tta_trained_residual,50,False,0.9896907216494846,1.0
0,tta_trained_residual,51,False,0.024390243902439025,0.020833333333333332
0,tta_trained_residual,52,False,0.21739130434782608,0.20833333333333334
0,tta_trained_residual,53,False,0.9292929292929293,1.0
0,tta_trained_residual,54,False,0.5647058823529412,0.5
0,tta_trained_residual,55,False,0.7216494845360825,0.7291666666666666
0,tta_trained_residual,56,False,0.822429906542056,0.9166666666666666
0,tta_trained_residual,57,False,0.7058823529411765,0.75
0,tta_trained_residual,58,False,0.6782608695652174,0.8125
0,tta_trained_residual,59,True,0.273972602739726,0.20833333333333334
0,tta_trained_residual,60,True,0.4507042253521127,0.3333333333333333
0,tta_trained_residual,61,True,0.20454545454545456,0.1875
0,tta_trained_residual,62,False,0.7169811320754716,0.7916666666666666
0,tta_trained_residual,63,True,0.10526315789473684,0.08333333333333333
0,tta_trained_residual,64,True,0.30434782608695654,0.2916666666666667
0,tta_trained_residual,65,True,0.0625,0.041666666666666664
0,tta_trained_residual,66,True,0.25,0.16666666666666666
0,tta_trained_residual,67,False,0.9166666666666666,0.9166666666666666
0,tta_trained_residual,68,False,0.967741935483871,0.9375
0,tta_trained_residual,69,False,0.4473684210526316,0.3541666666666667
0,tta_trained_residual,70,True,0.03571428571428571,0.020833333333333332
0,tta_trained_residual,71,True,0.0,0.0
0,tta_trained_residual,72,False,0.75,0.8125
0,tta_trained_residual,73,False,0.43661971830985913,0.6458333333333334
0,tta_trained_residual,74,False,0.9504950495049505,1.0
0,tta_trained_residual,75,False,0.8602150537634409,0.8333333333333334
0,tta_trained_residual,76,False,0.8269230769230769,0.8958333333333334
0,tta_trained_residual,77,False,0.7766990291262136,0.8333333333333334
0,tta_trained_residual,78,True,0.8172043010752689,0.7916666666666666
0,tta_trained_residual,79,True,0.2222222222222222,0.125
0,tta_trained_residual,80,False,0.42276422764227645,0.5416666666666666
0,tta_trained_residual,81,False,0.4457831325301205,0.8043478260869565
0,tta_trained_residual,82,False,0.7010309278350515,0.7083333333333334
0,tta_trained_residual,83,False,0.8192771084337349,0.7083333333333334
0,tta_trained_residual,84,False,0.6097560975609756,0.5208333333333334
0,tta_trained_residual,85,False,0.7796610169491526,0.9583333333333334
0,tta_trained_residual,86,False,0.6947368421052632,0.6875
0,tta_trained_residual,87,False,0.88,0.9166666666666666
0,tta_trained_residual,88,False,0.6068965517241379,0.9166666666666666
0,tta_trained_residual,89,False,0.6923076923076923,0.9375
1,equal_tta,0,False,0.25,0.375
1,equal_tta,1,False,0.8085106382978723,0.7916666666666666
1,equal_tta,2,False,0.9032258064516129,0.875
1,equal_tta,3,False,0.7889908256880734,0.8958333333333334
1,equal_tta,4,True,0.4057971014492754,0.2916666666666667
1,equal_tta,5,False,0.8936170212765957,0.9333333333333333
1,equal_tta,6,False,0.5609756097560976,0.4791666666666667
1,equal_tta,7,True,0.0,0.0
1,equal_tta,8,False,0.7659574468085106,0.75
1,equal_tta,9,False,0.8222222222222222,0.7708333333333334
1,equal_tta,10,False,0.4,0.3541666666666667
1,equal_tta,11,False,0.29411764705882354,0.20833333333333334
1,equal_tta,12,True,0.24561403508771928,0.14583333333333334
1,equal_tta,13,False,0.7289719626168224,0.8125
1,equal_tta,14,False,0.7021276595744681,0.7021276595744681
1,equal_tta,15,False,0.706766917293233,0.9791666666666666
1,equal_tta,16,False,0.6972477064220184,0.7916666666666666
1,equal_tta,17,False,0.6542056074766355,0.7291666666666666
1,equal_tta,18,False,0.7333333333333333,0.6875
1,equal_tta,19,False,0.5287356321839081,0.4791666666666667
1,equal_tta,20,False,0.625,0.625
1,equal_tta,21,False,0.6990291262135923,0.75
1,equal_tta,22,True,0.6666666666666666,0.6222222222222222
1,equal_tta,23,False,0.7358490566037735,0.8125
1,equal_tta,24,False,0.8080808080808081,0.8333333333333334
1,equal_tta,25,False,0.5473684210526316,0.5416666666666666
1,equal_tta,26,False,0.96,1.0
1,equal_tta,27,False,0.4793388429752066,0.6041666666666666
1,equal_tta,28,False,0.9484536082474226,0.9583333333333334
1,equal_tta,29,False,0.8282828282828283,0.8541666666666666
1,equal_tta,30,False,0.3047619047619048,0.3333333333333333
1,equal_tta,31,False,0.8490566037735849,0.9375
1,equal_tta,32,False,0.8045977011494253,0.7291666666666666
1,equal_tta,33,False,0.5567010309278351,0.5625
1,equal_tta,34,False,0.5423728813559322,0.6666666666666666
1,equal_tta,35,False,0.9010989010989011,0.8541666666666666
1,equal_tta,36,False,0.8653846153846154,0.9375
1,equal_tta,37,False,0.4578313253012048,0.3958333333333333
1,equal_tta,38,True,0.0,0.0
1,equal_tta,39,False,0.6593406593406593,0.625
1,equal_tta,40,False,0.6341463414634146,0.8125
1,equal_tta,41,False,0.4175824175824176,0.3958333333333333
1,equal_tta,42,False,0.5416666666666666,0.5416666666666666
1,equal_tta,43,False,0.4186046511627907,0.375
1,equal_tta,44,False,0.7555555555555555,0.7083333333333334
1,equal_tta,45,True,0.1935483870967742,0.1875
1,equal_tta,46,False,0.5135135135135135,0.3958333333333333
1,equal_tta,47,False,0.8043478260869565,0.7708333333333334
1,equal_tta,48,False,0.9038461538461539,0.9791666666666666
1,equal_tta,49,False,0.19607843137254902,0.20833333333333334
1,equal_tta,50,False,0.9292929292929293,0.9583333333333334
1,equal_tta,51,False,0.13725490196078433,0.14583333333333334
1,equal_tta,52,False,0.06779661016949153,0.041666666666666664
1,equal_tta,53,False,0.8571428571428571,0.875
1,equal_tta,54,False,0.7045454545454546,0.6458333333333334
1,equal_tta,55,False,0.6666666666666666,0.6875
1,equal_tta,56,False,0.6126126126126126,0.7083333333333334
1,equal_tta,57,False,0.8089887640449438,0.782608695652174
1,equal_tta,58,False,0.8,0.75
1,equal_tta,59,True,0.32,0.25
1,equal_tta,60,True,0.6888888888888889,0.6458333333333334
1,equal_tta,61,True,0.09345794392523364,0.10416666666666667
1,equal_tta,62,False,0.845360824742268,0.8541666666666666
1,equal_tta,63,True,0.08333333333333333,0.10416666666666667
1,equal_tta,64,True,0.46808510638297873,0.4583333333333333
1,equal_tta,65,True,0.1917808219178082,0.14583333333333334
1,equal_tta,66,True,0.16129032258064516,0.10416666666666667
1,equal_tta,67,False,0.92,0.9583333333333334
1,equal_tta,68,False,0.9375,0.9375
1,equal_tta,69,False,0.6868686868686869,0.7083333333333334
1,equal_tta,70,True,0.1891891891891892,0.14583333333333334
1,equal_tta,71,True,0.029850746268656716,0.020833333333333332
1,equal_tta,72,False,0.7676767676767676,0.7916666666666666
1,equal_tta,73,False,0.40963855421686746,0.3541666666666667
1,equal_tta,74,False,0.8,0.9583333333333334
1,equal_tta,75,False,0.8571428571428571,0.9375
1,equal_tta,76,False,0.8541666666666666,0.8541666666666666
1,equal_tta,77,False,0.7766990291262136,0.8333333333333334
1,equal_tta,78,True,0.7640449438202247,0.7083333333333334
1,equal_tta,79,True,0.12121212121212122,0.08333333333333333
1,equal_tta,80,False,0.47058823529411764,0.5
1,equal_tta,81,False,0.6105263157894737,0.6041666666666666
1,equal_tta,82,False,0.7115384615384616,0.7708333333333334
1,equal_tta,83,False,0.7927927927927928,0.9166666666666666
1,equal_tta,84,False,0.6495726495726496,0.7916666666666666
1,equal_tta,85,False,0.9032258064516129,0.875
1,equal_tta,86,False,0.6666666666666666,0.8541666666666666
1,equal_tta,87,False,0.7121212121212122,0.9791666666666666
1,equal_tta,88,False,0.48695652173913045,0.5833333333333334
1,equal_tta,89,False,0.9361702127659575,0.9166666666666666
1,tta_trained_residual,0,False,0.2956521739130435,0.3541666666666667
1,tta_trained_residual,1,False,0.845360824742268,0.8541666666666666
1,tta_trained_residual,2,False,0.8817204301075269,0.8541666666666666
1,tta_trained_residual,3,False,0.7894736842105263,0.9375
1,tta_trained_residual,4,True,0.5185185185185185,0.4375
1,tta_trained_residual,5,False,0.9230769230769231,0.9333333333333333
1,tta_trained_residual,6,False,0.6835443037974683,0.5625
1,tta_trained_residual,7,True,0.0,0.0
1,tta_trained_residual,8,False,0.7659574468085106,0.75
1,tta_trained_residual,9,False,0.7835051546391752,0.7916666666666666
1,tta_trained_residual,10,False,0.3,0.25
1,tta_trained_residual,11,False,0.4225352112676056,0.3125
1,tta_trained_residual,12,True,0.04081632653061224,0.020833333333333332
1,tta_trained_residual,13,False,0.6956521739130435,0.8333333333333334
1,tta_trained_residual,14,False,0.7291666666666666,0.7446808510638298
1,tta_trained_residual,15,False,0.7768595041322314,0.9791666666666666
1,tta_trained_residual,16,False,0.7428571428571429,0.8125
1,tta_trained_residual,17,False,0.6371681415929203,0.75
1,tta_trained_residual,18,False,0.7317073170731707,0.625
1,tta_trained_residual,19,False,0.5714285714285714,0.5416666666666666
1,tta_trained_residual,20,False,0.6336633663366337,0.6666666666666666
1,tta_trained_residual,21,False,0.7407407407407407,0.8333333333333334
1,tta_trained_residual,22,True,0.6486486486486487,0.5333333333333333
1,tta_trained_residual,23,False,0.7522935779816514,0.8541666666666666
1,tta_trained_residual,24,False,0.8367346938775511,0.8541666666666666
1,tta_trained_residual,25,False,0.5111111111111111,0.4791666666666667
1,tta_trained_residual,26,False,0.9696969696969697,1.0
1,tta_trained_residual,27,False,0.512396694214876,0.6458333333333334
1,tta_trained_residual,28,False,0.9787234042553191,0.9583333333333334
1,tta_trained_residual,29,False,0.8627450980392157,0.9166666666666666
1,tta_trained_residual,30,False,0.3106796116504854,0.3333333333333333
1,tta_trained_residual,31,False,0.8761904761904762,0.9583333333333334
1,tta_trained_residual,32,False,0.7529411764705882,0.6666666666666666
1,tta_trained_residual,33,False,0.5777777777777777,0.5416666666666666
1,tta_trained_residual,34,False,0.5818181818181818,0.6666666666666666
1,tta_trained_residual,35,False,0.9130434782608695,0.875
1,tta_trained_residual,36,False,0.8333333333333334,0.9375
1,tta_trained_residual,37,False,0.5,0.4583333333333333
1,tta_trained_residual,38,True,0.0,0.0
1,tta_trained_residual,39,False,0.6666666666666666,0.6041666666666666
1,tta_trained_residual,40,False,0.6611570247933884,0.8333333333333334
1,tta_trained_residual,41,False,0.5137614678899083,0.5833333333333334
1,tta_trained_residual,42,False,0.5471698113207547,0.6041666666666666
1,tta_trained_residual,43,False,0.273972602739726,0.20833333333333334
1,tta_trained_residual,44,False,0.7191011235955056,0.6666666666666666
1,tta_trained_residual,45,True,0.125,0.125
1,tta_trained_residual,46,False,0.4675324675324675,0.375
1,tta_trained_residual,47,False,0.7692307692307693,0.7291666666666666
1,tta_trained_residual,48,False,0.9292929292929293,0.9583333333333334
1,tta_trained_residual,49,False,0.19469026548672566,0.22916666666666666
1,tta_trained_residual,50,False,0.9583333333333334,0.9583333333333334
1,tta_trained_residual,51,False,0.0851063829787234,0.08333333333333333
1,tta_trained_residual,52,False,0.1388888888888889,0.10416666666666667
1,tta_trained_residual,53,False,0.92,0.9583333333333334
1,tta_trained_residual,54,False,0.68,0.7083333333333334
1,tta_trained_residual,55,False,0.6938775510204082,0.7083333333333334
1,tta_trained_residual,56,False,0.6238532110091743,0.7083333333333334
1,tta_trained_residual,57,False,0.8571428571428571,0.8478260869565217
1,tta_trained_residual,58,False,0.7555555555555555,0.7083333333333334
1,tta_trained_residual,59,True,0.3013698630136986,0.22916666666666666
1,tta_trained_residual,60,True,0.7307692307692307,0.7916666666666666
1,tta_trained_residual,61,True,0.12903225806451613,0.125
1,tta_trained_residual,62,False,0.8541666666666666,0.8541666666666666
1,tta_trained_residual,63,True,0.12962962962962962,0.14583333333333334
1,tta_trained_residual,64,True,0.5858585858585859,0.6041666666666666
1,tta_trained_residual,65,True,0.41975308641975306,0.3541666666666667
1,tta_trained_residual,66,True,0.3235294117647059,0.22916666666666666
1,tta_trained_residual,67,False,0.8571428571428571,0.9375
1,tta_trained_residual,68,False,0.9484536082474226,0.9583333333333334
1,tta_trained_residual,69,False,0.6206896551724138,0.5625
1,tta_trained_residual,70,True,0.22857142857142856,0.16666666666666666
1,tta_trained_residual,71,True,0.10810810810810811,0.08333333333333333
1,tta_trained_residual,72,False,0.8,0.7916666666666666
1,tta_trained_residual,73,False,0.5054945054945055,0.4791666666666667
1,tta_trained_residual,74,False,0.8070175438596491,0.9583333333333334
1,tta_trained_residual,75,False,0.8214285714285714,0.9583333333333334
1,tta_trained_residual,76,False,0.8247422680412371,0.8333333333333334
1,tta_trained_residual,77,False,0.7567567567567568,0.875
1,tta_trained_residual,78,True,0.9166666666666666,0.9166666666666666
1,tta_trained_residual,79,True,0.06779661016949153,0.041666666666666664
1,tta_trained_residual,80,False,0.46808510638297873,0.4583333333333333
1,tta_trained_residual,81,False,0.5192307692307693,0.5625
1,tta_trained_residual,82,False,0.7608695652173914,0.7291666666666666
1,tta_trained_residual,83,False,0.7964601769911505,0.9375
1,tta_trained_residual,84,False,0.6610169491525424,0.8125
1,tta_trained_residual,85,False,0.9072164948453608,0.9166666666666666
1,tta_trained_residual,86,False,0.6423357664233577,0.9166666666666666
1,tta_trained_residual,87,False,0.732824427480916,1.0
1,tta_trained_residual,88,False,0.5789473684210527,0.6875
1,tta_trained_residual,89,False,0.9230769230769231,0.875
