total_epochs,epoch,applied,configured_model_aux_head_weight,configured_single_aux_loss_weight
150,1,0.646967,0.2,0.2
150,2,0.643933,0.2,0.2
150,3,0.6409,0.2,0.2
150,4,0.637867,0.2,0.2
150,5,0.634833,0.2,0.2
150,6,0.6318,0.2,0.2
150,7,0.628767,0.2,0.2
150,8,0.625733,0.2,0.2
150,9,0.6227,0.2,0.2
150,10,0.619667,0.2,0.2
150,11,0.616633,0.2,0.2
150,12,0.6136,0.2,0.2
150,13,0.610567,0.2,0.2
150,14,0.607533,0.2,0.2
150,15,0.6045,0.2,0.2
150,16,0.601467,0.2,0.2
150,17,0.598433,0.2,0.2
150,18,0.5954,0.2,0.2
150,19,0.592367,0.2,0.2
150,20,0.589333,0.2,0.2
150,21,0.5863,0.2,0.2
150,22,0.583267,0.2,0.2
150,23,0.580233,0.2,0.2
150,24,0.5772,0.2,0.2
150,25,0.574167,0.2,0.2
150,26,0.571133,0.2,0.2
150,27,0.5681,0.2,0.2
150,28,0.565067,0.2,0.2
150,29,0.562033,0.2,0.2
150,30,0.559,0.2,0.2
150,31,0.555967,0.2,0.2
150,32,0.552933,0.2,0.2
150,33,0.5499,0.2,0.2
150,34,0.546867,0.2,0.2
150,35,0.543833,0.2,0.2
150,36,0.5408,0.2,0.2
150,37,0.537767,0.2,0.2
150,38,0.534733,0.2,0.2
150,39,0.5317,0.2,0.2
150,40,0.528667,0.2,0.2
150,41,0.525633,0.2,0.2
150,42,0.5226,0.2,0.2
150,43,0.519567,0.2,0.2
150,44,0.516533,0.2,0.2
150,45,0.5135,0.2,0.2
150,46,0.510467,0.2,0.2
150,47,0.507433,0.2,0.2
150,48,0.5044,0.2,0.2
150,49,0.501367,0.2,0.2
150,50,0.498333,0.2,0.2
150,51,0.4953,0.2,0.2
150,52,0.492267,0.2,0.2
150,53,0.489233,0.2,0.2
150,54,0.4862,0.2,0.2
150,55,0.483167,0.2,0.2
150,56,0.480133,0.2,0.2
150,57,0.4771,0.2,0.2
150,58,0.474067,0.2,0.2
150,59,0.471033,0.2,0.2
150,60,0.468,0.2,0.2
150,61,0.464967,0.2,0.2
150,62,0.461933,0.2,0.2
150,63,0.4589,0.2,0.2
150,64,0.455867,0.2,0.2
150,65,0.452833,0.2,0.2
150,66,0.4498,0.2,0.2
150,67,0.446767,0.2,0.2
150,68,0.443733,0.2,0.2
150,69,0.4407,0.2,0.2
150,70,0.437667,0.2,0.2
150,71,0.434633,0.2,0.2
150,72,0.4316,0.2,0.2
150,73,0.428567,0.2,0.2
150,74,0.425533,0.2,0.2
150,75,0.4225,0.2,0.2
150,76,0.419467,0.2,0.2
150,77,0.416433,0.2,0.2
150,78,0.4134,0.2,0.2
150,79,0.410367,0.2,0.2
150,80,0.407333,0.2,0.2
150,81,0.4043,0.2,0.2
150,82,0.401267,0.2,0.2
150,83,0.398233,0.2,0.2
150,84,0.3952,0.2,0.2
150,85,0.392167,0.2,0.2
150,86,0.389133,0.2,0.2
150,87,0.3861,0.2,0.2
150,88,0.383067,0.2,0.2
150,89,0.380033,0.2,0.2
150,90,0.377,0.2,0.2
150,91,0.373967,0.2,0.2
150,92,0.370933,0.2,0.2
150,93,0.3679,0.2,0.2
150,94,0.364867,0.2,0.2
150,95,0.361833,0.2,0.2
150,96,0.3588,0.2,0.2
150,97,0.355767,0.2,0.2
150,98,0.352733,0.2,0.2
150,99,0.3497,0.2,0.2
150,100,0.346667,0.2,0.2
150,101,0.343633,0.2,0.2
150,102,0.3406,0.2,0.2
150,103,0.337567,0.2,0.2
150,104,0.334533,0.2,0.2
150,105,0.3315,0.2,0.2
150,106,0.328467,0.2,0.2
150,107,0.325433,0.2,0.2
150,108,0.3224,0.2,0.2
150,109,0.319367,0.2,0.2
150,110,0.316333,0.2,0.2
150,111,0.3133,0.2,0.2
150,112,0.310267,0.2,0.2
150,113,0.307233,0.2,0.2
150,114,0.3042,0.2,0.2
150,115,0.301167,0.2,0.2
150,116,0.298133,0.2,0.2
150,117,0.2951,0.2,0.2
150,118,0.292067,0.2,0.2
150,119,0.289033,0.2,0.2
150,120,0.286,0.2,0.2
150,121,0.282967,0.2,0.2
150,122,0.279933,0.2,0.2
150,123,0.2769,0.2,0.2
150,124,0.273867,0.2,0.2
150,125,0.270833,0.2,0.2
150,126,0.2678,0.2,0.2
150,127,0.264767,0.2,0.2
150,128,0.261733,0.2,0.2
150,129,0.2587,0.2,0.2
150,130,0.255667,0.2,0.2
150,131,0.252633,0.2,0.2
150,132,0.25,0.2,0.2
150,133,0.25,0.2,0.2
150,134,0.25,0.2,0.2
150,135,0.25,0.2,0.2
150,136,0.25,0.2,0.2
150,137,0.25,0.2,0.2
150,138,0.25,0.2,0.2
150,139,0.25,0.2,0.2
150,140,0.25,0.2,0.2
150,141,0.25,0.2,0.2
150,142,0.25,0.2,0.2
150,143,0.25,0.2,0.2
150,144,0.25,0.2,0.2
150,145,0.25,0.2,0.2
150,146,0.25,0.2,0.2
150,147,0.25,0.2,0.2
150,148,0.25,0.2,0.2
150,149,0.25,0.2,0.2
150,150,0.25,0.2,0.2
200,1,0.647725,0.2,0.2
200,2,0.64545,0.2,0.2
200,3,0.643175,0.2,0.2
200,4,0.6409,0.2,0.2
200,5,0.638625,0.2,0.2
200,6,0.63635,0.2,0.2
200,7,0.634075,0.2,0.2
200,8,0.6318,0.2,0.2
200,9,0.629525,0.2,0.2
200,10,0.62725,0.2,0.2
200,11,0.624975,0.2,0.2
200,12,0.6227,0.2,0.2
200,13,0.620425,0.2,0.2
200,14,0.61815,0.2,0.2
200,15,0.615875,0.2,0.2
200,16,0.6136,0.2,0.2
200,17,0.611325,0.2,0.2
200,18,0.60905,0.2,0.2
200,19,0.606775,0.2,0.2
200,20,0.6045,0.2,0.2
200,21,0.602225,0.2,0.2
200,22,0.59995,0.2,0.2
200,23,0.597675,0.2,0.2
200,24,0.5954,0.2,0.2
200,25,0.593125,0.2,0.2
200,26,0.59085,0.2,0.2
200,27,0.588575,0.2,0.2
200,28,0.5863,0.2,0.2
200,29,0.584025,0.2,0.2
200,30,0.58175,0.2,0.2
200,31,0.579475,0.2,0.2
200,32,0.5772,0.2,0.2
200,33,0.574925,0.2,0.2
200,34,0.57265,0.2,0.2
200,35,0.570375,0.2,0.2
200,36,0.5681,0.2,0.2
200,37,0.565825,0.2,0.2
200,38,0.56355,0.2,0.2
200,39,0.561275,0.2,0.2
200,40,0.559,0.2,0.2
200,41,0.556725,0.2,0.2
200,42,0.55445,0.2,0.2
200,43,0.552175,0.2,0.2
200,44,0.5499,0.2,0.2
200,45,0.547625,0.2,0.2
200,46,0.54535,0.2,0.2
200,47,0.543075,0.2,0.2
200,48,0.5408,0.2,0.2
200,49,0.538525,0.2,0.2
200,50,0.53625,0.2,0.2
200,51,0.533975,0.2,0.2
200,52,0.5317,0.2,0.2
200,53,0.529425,0.2,0.2
200,54,0.52715,0.2,0.2
200,55,0.524875,0.2,0.2
200,56,0.5226,0.2,0.2
200,57,0.520325,0.2,0.2
200,58,0.51805,0.2,0.2
200,59,0.515775,0.2,0.2
200,60,0.5135,0.2,0.2
200,61,0.511225,0.2,0.2
200,62,0.50895,0.2,0.2
200,63,0.506675,0.2,0.2
200,64,0.5044,0.2,0.2
200,65,0.502125,0.2,0.2
200,66,0.49985,0.2,0.2
200,67,0.497575,0.2,0.2
200,68,0.4953,0.2,0.2
200,69,0.493025,0.2,0.2
200,70,0.49075,0.2,0.2
200,71,0.488475,0.2,0.2
200,72,0.4862,0.2,0.2
200,73,0.483925,0.2,0.2
200,74,0.48165,0.2,0.2
200,75,0.479375,0.2,0.2
200,76,0.4771,0.2,0.2
200,77,0.474825,0.2,0.2
200,78,0.47255,0.2,0.2
200,79,0.470275,0.2,0.2
200,80,0.468,0.2,0.2
200,81,0.465725,0.2,0.2
200,82,0.46345,0.2,0.2
200,83,0.461175,0.2,0.2
200,84,0.4589,0.2,0.2
200,85,0.456625,0.2,0.2
200,86,0.45435,0.2,0.2
200,87,0.452075,0.2,0.2
200,88,0.4498,0.2,0.2
200,89,0.447525,0.2,0.2
200,90,0.44525,0.2,0.2
200,91,0.442975,0.2,0.2
200,92,0.4407,0.2,0.2
200,93,0.438425,0.2,0.2
200,94,0.43615,0.2,0.2
200,95,0.433875,0.2,0.2
200,96,0.4316,0.2,0.2
200,97,0.429325,0.2,0.2
200,98,0.42705,0.2,0.2
200,99,0.424775,0.2,0.2
200,100,0.4225,0.2,0.2
200,101,0.420225,0.2,0.2
200,102,0.41795,0.2,0.2
200,103,0.415675,0.2,0.2
200,104,0.4134,0.2,0.2
200,105,0.411125,0.2,0.2
200,106,0.40885,0.2,0.2
200,107,0.406575,0.2,0.2
200,108,0.4043,0.2,0.2
200,109,0.402025,0.2,0.2
200,110,0.39975,0.2,0.2
200,111,0.397475,0.2,0.2
200,112,0.3952,0.2,0.2
200,113,0.392925,0.2,0.2
200,114,0.39065,0.2,0.2
200,115,0.388375,0.2,0.2
200,116,0.3861,0.2,0.2
200,117,0.383825,0.2,0.2
200,118,0.38155,0.2,0.2
200,119,0.379275,0.2,0.2
200,120,0.377,0.2,0.2
200,121,0.374725,0.2,0.2
200,122,0.37245,0.2,0.2
200,123,0.370175,0.2,0.2
200,124,0.3679,0.2,0.2
200,125,0.365625,0.2,0.2
200,126,0.36335,0.2,0.2
200,127,0.361075,0.2,0.2
200,128,0.3588,0.2,0.2
200,129,0.356525,0.2,0.2
200,130,0.35425,0.2,0.2
200,131,0.351975,0.2,0.2
200,132,0.3497,0.2,0.2
200,133,0.347425,0.2,0.2
200,134,0.34515,0.2,0.2
200,135,0.342875,0.2,0.2
200,136,0.3406,0.2,0.2
200,137,0.338325,0.2,0.2
200,138,0.33605,0.2,0.2
200,139,0.333775,0.2,0.2
200,140,0.3315,0.2,0.2
200,141,0.329225,0.2,0.2
200,142,0.32695,0.2,0.2
200,143,0.324675,0.2,0.2
200,144,0.3224,0.2,0.2
200,145,0.320125,0.2,0.2
200,146,0.31785,0.2,0.2
200,147,0.315575,0.2,0.2
200,148,0.3133,0.2,0.2
200,149,0.311025,0.2,0.2
200,150,0.30875,0.2,0.2
200,151,0.306475,0.2,0.2
200,152,0.3042,0.2,0.2
200,153,0.301925,0.2,0.2
200,154,0.29965,0.2,0.2
200,155,0.297375,0.2,0.2
200,156,0.2951,0.2,0.2
200,157,0.292825,0.2,0.2
200,158,0.29055,0.2,0.2
200,159,0.288275,0.2,0.2
200,160,0.286,0.2,0.2
200,161,0.283725,0.2,0.2
200,162,0.28145,0.2,0.2
200,163,0.279175,0.2,0.2
200,164,0.2769,0.2,0.2
200,165,0.274625,0.2,0.2
200,166,0.27235,0.2,0.2
200,167,0.270075,0.2,0.2
200,168,0.2678,0.2,0.2
200,169,0.265525,0.2,0.2
200,170,0.26325,0.2,0.2
200,171,0.260975,0.2,0.2
200,172,0.2587,0.2,0.2
200,173,0.256425,0.2,0.2
200,174,0.25415,0.2,0.2
200,175,0.251875,0.2,0.2
200,176,0.25,0.2,0.2
200,177,0.25,0.2,0.2
200,178,0.25,0.2,0.2
200,179,0.25,0.2,0.2
200,180,0.25,0.2,0.2
200,181,0.25,0.2,0.2
200,182,0.25,0.2,0.2
200,183,0.25,0.2,0.2
200,184,0.25,0.2,0.2
200,185,0.25,0.2,0.2
200,186,0.25,0.2,0.2
200,187,0.25,0.2,0.2
200,188,0.25,0.2,0.2
200,189,0.25,0.2,0.2
200,190,0.25,0.2,0.2
200,191,0.25,0.2,0.2
200,192,0.25,0.2,0.2
200,193,0.25,0.2,0.2
200,194,0.25,0.2,0.2
200,195,0.25,0.2,0.2
200,196,0.25,0.2,0.2
200,197,0.25,0.2,0.2
200,198,0.25,0.2,0.2
200,199,0.25,0.2,0.2
200,200,0.25,0.2,0.2
