arm,fold,seed,final_map_hw,frac_abs_lt_1e_2,frac_abs_lt_1e_3,median_abs,pn_derivative_median,pn_derivative_p99
grouped,0,0,1x1,0.0446777,0.00708008,0.166974,1.22355,13.0166
grouped,0,1,1x1,0.0532227,0.00811768,0.169175,1.21562,13.6245
grouped,0,2,1x1,0.0358276,0.00396729,0.165863,1.2277,9.92819
grouped,1,0,1x1,0.0355835,0.0032959,0.167793,1.22061,9.27974
grouped,1,1,1x1,0.0340576,0.00323486,0.167319,1.22232,9.36992
grouped,1,2,1x1,0.0352783,0.00628662,0.167511,1.22162,11.9335
stratified,0,0,1x1,0.0390625,0.00469971,0.167377,1.22213,10.8996
stratified,0,1,1x1,0.038208,0.00537109,0.168616,1.21764,10.8515
stratified,0,2,1x1,0.039978,0.00567627,0.168452,1.21823,11.0941
stratified,0,3,1x1,0.0342407,0.003479,0.166986,1.22352,9.77083
stratified,0,4,1x1,0.0438232,0.00854492,0.167871,1.22029,14.5585
stratified,0,5,1x1,0.0404053,0.00610352,0.168237,1.21899,11.4032
