fold,a,b,kind,jaccard,mean_errors
0,X1 s0,X1 s1,within X1,0.772604,
0,X1 s0,X1 s2,within X1,0.761173,
0,X1 s0,Y3 s0,Y3 vs X1,0.7092,
0,X1 s0,Y3 s1,Y3 vs X1,0.687184,
0,X1 s0,Y3 s2,Y3 vs X1,0.672366,
0,X1 s1,X1 s2,within X1,0.747511,
0,X1 s1,Y3 s0,Y3 vs X1,0.682709,
0,X1 s1,Y3 s1,Y3 vs X1,0.668297,
0,X1 s1,Y3 s2,Y3 vs X1,0.662022,
0,X1 s2,Y3 s0,Y3 vs X1,0.734859,
0,X1 s2,Y3 s1,Y3 vs X1,0.69274,
0,X1 s2,Y3 s2,Y3 vs X1,0.691211,
0,Y3 s0,Y3 s1,within Y3,0.741362,
0,Y3 s0,Y3 s2,within Y3,0.747485,
0,Y3 s1,Y3 s2,within Y3,0.71984,
0,Y3,all 3 seeds,shared by all seeds,0.629664,1742
0,X1,all 3 seeds,shared by all seeds,0.661796,1927.67
1,X1 s0,X1 s1,within X1,0.762322,
1,X1 s0,X1 s2,within X1,0.761338,
1,X1 s0,Y3 s0,Y3 vs X1,0.703398,
1,X1 s0,Y3 s1,Y3 vs X1,0.684381,
1,X1 s0,Y3 s2,Y3 vs X1,0.685337,
1,X1 s1,X1 s2,within X1,0.783572,
1,X1 s1,Y3 s0,Y3 vs X1,0.726852,
1,X1 s1,Y3 s1,Y3 vs X1,0.679652,
1,X1 s1,Y3 s2,Y3 vs X1,0.692903,
1,X1 s2,Y3 s0,Y3 vs X1,0.715789,
1,X1 s2,Y3 s1,Y3 vs X1,0.680657,
1,X1 s2,Y3 s2,Y3 vs X1,0.709324,
1,Y3 s0,Y3 s1,within Y3,0.719477,
1,Y3 s0,Y3 s2,within Y3,0.746609,
1,Y3 s1,Y3 s2,within Y3,0.72179,
1,Y3,all 3 seeds,shared by all seeds,0.619545,1782.33
1,X1,all 3 seeds,shared by all seeds,0.673602,1922.67
