cls,X1,Y3,cross,delta
0,0.3125,0.350694,False,0.0381944
1,0.722222,0.791667,False,0.0694444
2,0.697917,0.753472,False,0.0555556
3,0.892361,0.923611,False,0.03125
4,0.0138889,0.0451389,True,0.03125
5,0.872142,0.879388,False,0.00724638
6,0.652778,0.642361,False,-0.0104167
7,0,0.00347222,True,0.00347222
8,0.704861,0.732639,False,0.0277778
9,0.604167,0.65625,False,0.0520833
10,0.190972,0.305556,False,0.114583
11,0.381944,0.413194,False,0.03125
12,0,0,True,0
13,0.739583,0.746528,False,0.00694444
14,0.708777,0.743351,False,0.0345745
15,0.954861,0.958333,False,0.00347222
16,0.652778,0.690972,False,0.0381944
17,0.565972,0.559028,False,-0.00694444
18,0.652778,0.670139,False,0.0173611
19,0.541667,0.552083,False,0.0104167
20,0.513889,0.590278,False,0.0763889
21,0.770833,0.784722,False,0.0138889
22,0.385185,0.514815,True,0.12963
23,0.607639,0.743056,False,0.135417
24,0.78125,0.857639,False,0.0763889
25,0.513889,0.597222,False,0.0833333
26,0.972222,0.993056,False,0.0208333
27,0.527778,0.590278,False,0.0625
28,0.965278,0.96875,False,0.00347222
29,0.871528,0.871528,False,0
30,0.444444,0.496528,False,0.0520833
31,0.944444,0.951389,False,0.00694444
32,0.618056,0.708333,False,0.0902778
33,0.625,0.576389,False,-0.0486111
34,0.597222,0.597222,False,0
35,0.965278,0.923611,False,-0.0416667
36,0.8125,0.847222,False,0.0347222
37,0.263889,0.326389,False,0.0625
38,0,0,True,0
39,0.510417,0.59375,False,0.0833333
40,0.597222,0.729167,False,0.131944
41,0.28125,0.270833,False,-0.0104167
42,0.322917,0.354167,False,0.03125
43,0.423611,0.597222,False,0.173611
44,0.600694,0.628472,False,0.0277778
45,0,0.00694444,True,0.00694444
46,0.298611,0.423611,False,0.125
47,0.878472,0.895833,False,0.0173611
48,0.916667,0.9375,False,0.0208333
49,0.145833,0.142361,False,-0.00347222
50,0.954861,0.96875,False,0.0138889
51,0.0798611,0.0798611,False,0
52,0.0798611,0.138889,False,0.0590278
53,0.905797,0.938406,False,0.0326087
54,0.670139,0.65625,False,-0.0138889
55,0.621528,0.666667,False,0.0451389
56,0.680556,0.694444,False,0.0138889
57,0.735507,0.793478,False,0.057971
58,0.75,0.694444,False,-0.0555556
59,0.111111,0.215278,True,0.104167
60,0.395833,0.538194,True,0.142361
61,0.163194,0.288194,True,0.125
62,0.704861,0.763889,False,0.0590278
63,0.0381944,0.0451389,True,0.00694444
64,0.329861,0.475694,True,0.145833
65,0.0763889,0.111111,True,0.0347222
66,0.0416667,0.107639,True,0.0659722
67,0.958333,0.920139,False,-0.0381944
68,0.819444,0.864583,False,0.0451389
69,0.329861,0.34375,False,0.0138889
70,0.0347222,0.0555556,True,0.0208333
71,0.03125,0.0451389,True,0.0138889
72,0.8125,0.802083,False,-0.0104167
73,0.385417,0.479167,False,0.09375
74,0.947917,0.972222,False,0.0243056
75,0.871528,0.868056,False,-0.00347222
76,0.802083,0.805556,False,0.00347222
77,0.746528,0.78125,False,0.0347222
78,0.871528,0.9375,True,0.0659722
79,0,0,True,0
80,0.569444,0.579861,False,0.0104167
81,0.683726,0.704559,False,0.0208333
82,0.638889,0.6875,False,0.0486111
83,0.732639,0.715278,False,-0.0173611
84,0.4375,0.628472,False,0.190972
85,0.881944,0.909722,False,0.0277778
86,0.5625,0.59375,False,0.03125
87,0.895833,0.920139,False,0.0243056
88,0.684028,0.722222,False,0.0381944
89,0.777778,0.788194,False,0.0104167
