arm,direction,cells,recall,ci
acq_vitb_tta,from_session8,17,0.21957133917396748,"[0.12865104818523154, 0.32598560700876095]"
acq_vitb_tta,to_session8,17,0.3183823529411765,"[0.21322916666666666, 0.4189031862745096]"
ccar_acq_vitb,from_session8,17,0.2170942845223196,"[0.12517795682102628, 0.32598495515227366]"
ccar_acq_vitb,to_session8,17,0.3183823529411765,"[0.21322916666666666, 0.4189031862745096]"
ccar_ft_vitb,from_session8,17,0.2404307467667918,"[0.14827127659574466, 0.34120515227367515]"
ccar_ft_vitb,to_session8,17,0.3231209150326797,"[0.21771854575163402, 0.42197712418300654]"
equal_acq_vitb_tta,from_session8,17,0.2317480183562787,"[0.13615978306216103, 0.33946404359616184]"
equal_acq_vitb_tta,to_session8,17,0.3355392156862745,"[0.21443014705882352, 0.4571078431372549]"
equal_ccar_acq_vitb,from_session8,17,0.23542448894451404,"[0.1362868950771798, 0.344554390905298]"
equal_ccar_acq_vitb,to_session8,17,0.3355392156862745,"[0.21443014705882352, 0.4571078431372549]"
equal_ccar_ft_vitb,from_session8,17,0.2623591989987485,"[0.15696443471005425, 0.37891309449311633]"
equal_ccar_ft_vitb,to_session8,17,0.33676470588235297,"[0.21666666666666667, 0.4571384803921567]"
equal_ft_vitb_tta,from_session8,17,0.25380684188569047,"[0.15084154672507305, 0.36916066958698357]"
equal_ft_vitb_tta,to_session8,17,0.33676470588235297,"[0.21666666666666667, 0.4571384803921567]"
ft_vitb_tta,from_session8,17,0.23920525657071345,"[0.14727458802670007, 0.33824116082603256]"
ft_vitb_tta,to_session8,17,0.3231209150326797,"[0.21771854575163402, 0.42197712418300654]"
hsi_tta,from_session8,17,0.17769607843137253,"[0.08455882352941177, 0.28186274509803916]"
hsi_tta,to_session8,17,0.23946078431372547,"[0.12057598039215685, 0.38408088235294113]"
