fold,w_spectral,calib_f1,heldout_f1,heldout_same,heldout_cross,heldout_attraction
0,0,0.682036,0.494188,0.613063,0.0955065,0.527675
0,0.05,0.704525,0.505367,0.627085,0.0979575,0.519065
0,0.1,0.70651,0.51908,0.642893,0.100408,0.509225
0,0.15,0.716703,0.531708,0.654916,0.112745,0.501845
0,0.2,0.731415,0.541623,0.666667,0.121405,0.494465
0,0.25,0.737328,0.55104,0.674955,0.133824,0.472325
0,0.3,0.740184,0.555705,0.678976,0.140114,0.463715
0,0.35,0.738603,0.55913,0.68013,0.146242,0.448954
0,0.4,0.732398,0.560383,0.680117,0.153595,0.440344
0,0.45,0.726454,0.562449,0.680688,0.155882,0.426814
0,0.5,0.719571,0.560108,0.676965,0.159559,0.415744
0,0.55,0.71,0.55627,0.669198,0.165605,0.404674
0,0.6,0.686057,0.552089,0.661778,0.169363,0.393604
0,0.65,0.672926,0.545457,0.65004,0.176797,0.382534
0,0.7,0.656154,0.535198,0.634889,0.183007,0.372694
0,0.75,0.631031,0.522542,0.618002,0.185458,0.359164
0,0.8,0.60639,0.508465,0.600854,0.182925,0.346863
0,0.85,0.59425,0.495291,0.582576,0.186601,0.339483
0,0.9,0.573307,0.478761,0.561123,0.186601,0.327183
0,0.95,0.553991,0.463486,0.54194,0.181699,0.317343
0,1,0.541657,0.443317,0.51618,0.180474,0.307503
1,0,0.687318,0.477424,0.594463,0.101716,0.510429
1,0.05,0.703244,0.489212,0.608782,0.105392,0.516564
1,0.1,0.713163,0.498008,0.619645,0.107843,0.519018
1,0.15,0.72346,0.511043,0.633369,0.113971,0.521472
1,0.2,0.74046,0.520512,0.643383,0.121324,0.519018
1,0.25,0.743124,0.527309,0.652242,0.125,0.516564
1,0.3,0.75017,0.534466,0.660239,0.128676,0.516564
1,0.35,0.74601,0.537263,0.663961,0.128676,0.517791
1,0.4,0.749064,0.541122,0.668242,0.129902,0.510429
1,0.45,0.741402,0.541514,0.667374,0.134804,0.510429
1,0.5,0.734494,0.540489,0.665097,0.137255,0.509202
1,0.55,0.725113,0.537815,0.657596,0.148284,0.493252
1,0.6,0.713058,0.529317,0.645802,0.150735,0.479755
1,0.65,0.6929,0.517963,0.632619,0.144608,0.46135
1,0.7,0.677253,0.512352,0.623709,0.148284,0.445399
1,0.75,0.652721,0.501388,0.609942,0.148284,0.420859
1,0.8,0.635628,0.486873,0.590963,0.147059,0.392638
1,0.85,0.622068,0.473645,0.571991,0.150735,0.371779
1,0.9,0.59463,0.461215,0.556207,0.150735,0.352147
1,0.95,0.582968,0.452645,0.544717,0.151961,0.334969
1,1,0.566432,0.437761,0.525838,0.147059,0.311656
