cls,cross,y3,x1,delta
0,False,0.395833,0.322917,0.0729167
1,False,0.8125,0.697917,0.114583
2,False,0.770833,0.697917,0.0729167
3,False,0.927083,0.875,0.0520833
4,True,0.0520833,0,0.0520833
5,False,0.857488,0.846377,0.0111111
6,False,0.614583,0.614583,0
7,True,0,0,0
8,False,0.6875,0.739583,-0.0520833
9,False,0.614583,0.572917,0.0416667
10,False,0.270833,0.1875,0.0833333
11,False,0.416667,0.395833,0.0208333
12,True,0,0,0
13,False,0.739583,0.75,-0.0104167
14,False,0.714982,0.757757,-0.0427748
15,False,0.979167,0.958333,0.0208333
16,False,0.645833,0.65625,-0.0104167
17,False,0.59375,0.583333,0.0104167
18,False,0.645833,0.697917,-0.0520833
19,False,0.489583,0.5,-0.0104167
20,False,0.59375,0.5,0.09375
21,False,0.802083,0.78125,0.0208333
22,True,0.45625,0.359028,0.0972222
23,False,0.697917,0.572917,0.125
24,False,0.854167,0.760417,0.09375
25,False,0.5625,0.583333,-0.0208333
26,False,1,0.979167,0.0208333
27,False,0.604167,0.5625,0.0416667
28,False,0.96875,0.958333,0.0104167
29,False,0.875,0.875,0
30,False,0.552083,0.40625,0.145833
31,False,0.958333,0.9375,0.0208333
32,False,0.697917,0.645833,0.0520833
33,False,0.59375,0.614583,-0.0208333
34,False,0.635417,0.572917,0.0625
35,False,0.947917,0.96875,-0.0208333
36,False,0.875,0.8125,0.0625
37,False,0.270833,0.291667,-0.0208333
38,True,0,0,0
39,False,0.583333,0.489583,0.09375
40,False,0.666667,0.53125,0.135417
41,False,0.291667,0.260417,0.03125
42,False,0.197917,0.375,-0.177083
43,False,0.604167,0.489583,0.114583
44,False,0.614583,0.625,-0.0104167
45,True,0.0104167,0,0.0104167
46,False,0.416667,0.34375,0.0729167
47,False,0.895833,0.833333,0.0625
48,False,0.9375,0.916667,0.0208333
49,False,0.145833,0.15625,-0.0104167
50,False,0.979167,0.96875,0.0104167
51,False,0.0729167,0.125,-0.0520833
52,False,0.135417,0.125,0.0104167
53,False,0.945652,0.880435,0.0652174
54,False,0.6875,0.645833,0.0416667
55,False,0.65625,0.625,0.03125
56,False,0.635417,0.697917,-0.0625
57,False,0.76087,0.75,0.0108696
58,False,0.666667,0.739583,-0.0729167
59,True,0.135417,0.135417,-3.46945e-18
60,True,0.46875,0.416667,0.0520833
61,True,0.333333,0.125,0.208333
62,False,0.71875,0.697917,0.0208333
63,True,0.0416667,0.03125,0.0104167
64,True,0.447917,0.385417,0.0625
65,True,0.0625,0.114583,-0.0520833
66,True,0.09375,0.0104167,0.0833333
67,False,0.927083,0.958333,-0.03125
68,False,0.895833,0.8125,0.0833333
69,False,0.427083,0.354167,0.0729167
70,True,0.0625,0.0416667,0.0208333
71,True,0.03125,0.0416667,-0.0104167
72,False,0.822917,0.8125,0.0104167
73,False,0.447917,0.416667,0.03125
74,False,0.989583,0.90625,0.0833333
75,False,0.84375,0.833333,0.0104167
76,False,0.833333,0.770833,0.0625
77,False,0.802083,0.78125,0.0208333
78,True,0.958333,0.875,0.0833333
79,True,0,0,0
80,False,0.583333,0.583333,0
81,False,0.711051,0.711504,-0.000452899
82,False,0.625,0.625,0
83,False,0.729167,0.75,-0.0208333
84,False,0.645833,0.479167,0.166667
85,False,0.90625,0.864583,0.0416667
86,False,0.635417,0.614583,0.0208333
87,False,0.916667,0.90625,0.0104167
88,False,0.708333,0.677083,0.03125
89,False,0.739583,0.760417,-0.0208333
