model,regime,fold,seed,representation,kappa,attraction,cross,f1,source
X2 spectral_only,shipped,0,0,embedding,0.175003,0.291513,0.217565,0.437277,S12 offline
X2 spectral_only,shipped,0,0,spectral,0.169696,0.291513,0.217565,0.437277,S12 offline
X2 spectral_only,shipped,0,1,embedding,0.126348,0.209102,0.249673,0.415856,S12 offline
X2 spectral_only,shipped,0,1,spectral,0.127872,0.209102,0.249673,0.415856,S12 offline
X2 spatial_only,shipped,0,0,embedding,0.358326,0.398524,0.137418,0.437975,S12 offline
X2 spatial_only,shipped,0,0,spatial,0.331956,0.398524,0.137418,0.437975,S12 offline
X2 spatial_only,shipped,0,1,embedding,0.320364,0.479705,0.112827,0.459807,S12 offline
X2 spatial_only,shipped,0,1,spatial,0.311925,0.479705,0.112827,0.459807,S12 offline
X2 no_morph,shipped,0,0,embedding,0.311305,0.450185,0.163399,0.480203,S12 offline
X2 no_morph,shipped,0,0,spatial,0.265503,0.450185,0.163399,0.480203,S12 offline
X2 no_morph,shipped,0,0,spectral,0.153802,0.450185,0.163399,0.480203,S12 offline
X2 no_morph,shipped,0,1,embedding,0.310553,0.463715,0.138562,0.510215,S12 offline
X2 no_morph,shipped,0,1,spatial,0.308174,0.463715,0.138562,0.510215,S12 offline
X2 no_morph,shipped,0,1,spectral,0.12633,0.463715,0.138562,0.510215,S12 offline
S08 grouped,shipped,0,0,embedding,0.337719,0.461255,0.18317,0.517829,S12 offline
S08 grouped,shipped,0,0,spatial,0.266974,0.461255,0.18317,0.517829,S12 offline
S08 grouped,shipped,0,0,spectral,0.132846,0.461255,0.18317,0.517829,S12 offline
S08 grouped,shipped,0,1,embedding,0.339854,0.473555,0.132271,0.530086,S12 offline
S08 grouped,shipped,0,1,spatial,0.302983,0.473555,0.132271,0.530086,S12 offline
S08 grouped,shipped,0,1,spectral,0.0867271,0.473555,0.132271,0.530086,S12 offline
X1 grouped,R1,0,0,embedding,0.335875,0.441574,0.15866,0.535325,S12 offline
X1 grouped,R1,0,0,spatial,0.317271,0.441574,0.15866,0.535325,S12 offline
X1 grouped,R1,0,0,spectral,0.132861,0.441574,0.15866,0.535325,S12 offline
X1 grouped,R1,0,1,embedding,0.324391,0.447724,0.155637,0.517854,S12 offline
X1 grouped,R1,0,1,spatial,0.300168,0.447724,0.155637,0.517854,S12 offline
X1 grouped,R1,0,1,spectral,0.0773007,0.447724,0.155637,0.517854,S12 offline
X4 grouped,R1,0,0,embedding,0.338634,0.313653,0.177941,0.443084,S12 offline
X4 grouped,R1,0,0,spatial,0.260682,0.313653,0.177941,0.443084,S12 offline
X4 grouped,R1,0,0,spectral,0.11208,0.313653,0.177941,0.443084,S12 offline
X1 grouped,R1,1,0,embedding,0.358446,0.472393,0.139706,0.535409,S14 offline
X1 grouped,R1,1,0,spatial,0.333748,0.472393,0.139706,0.535409,S14 offline
X1 grouped,R1,1,0,spectral,0.130978,0.472393,0.139706,0.535409,S14 offline
X2 spectral_only,shipped,1,0,embedding,0.196622,0.32638,0.177722,0.43922,S14 offline
X2 spectral_only,shipped,1,0,spectral,0.195177,0.32638,0.177722,0.43922,S14 offline
X2 spatial_only,shipped,1,0,embedding,0.298081,,,,S14 offline
X2 spatial_only,shipped,1,0,spatial,0.295651,,,,S14 offline
Y1 spatial_only,R1,0,0,embedding,0.363256,0.526445,0.0955065,0.493991,S13 in-pipeline
Y1 spatial_only,R1,0,0,spatial,0.386274,0.526445,0.0955065,0.493991,S13 in-pipeline
Y1 spatial_only,R1,1,0,embedding,0.369591,0.510429,0.101716,0.477424,S13 in-pipeline
Y1 spatial_only,R1,1,0,spatial,0.355023,0.510429,0.101716,0.477424,S13 in-pipeline
Y1 spectral_only,R1,0,0,embedding,0.19011,0.307503,0.180474,0.443121,S13 in-pipeline
Y1 spectral_only,R1,0,0,spectral,0.194091,0.307503,0.180474,0.443121,S13 in-pipeline
Y1 spectral_only,R1,1,0,embedding,0.199625,0.312883,0.147059,0.437692,S13 in-pipeline
Y1 spectral_only,R1,1,0,spectral,0.18636,0.312883,0.147059,0.437692,S13 in-pipeline
Y2 mixstyle,R1,0,0,embedding,0.350913,0.471095,0.130964,0.526649,S13 in-pipeline
Y2 mixstyle,R1,0,0,spatial,0.313182,0.471095,0.130964,0.526649,S13 in-pipeline
Y2 mixstyle,R1,0,0,spectral,0.150086,0.471095,0.130964,0.526649,S13 in-pipeline
Y2 mixstyle,R1,1,0,embedding,0.319843,0.500613,0.155637,0.527015,S13 in-pipeline
Y2 mixstyle,R1,1,0,spatial,0.320933,0.500613,0.155637,0.527015,S13 in-pipeline
Y2 mixstyle,R1,1,0,spectral,0.143153,0.500613,0.155637,0.527015,S13 in-pipeline
Y3 lean_grouped,R1,0,0,embedding,0.372035,0.416974,0.181127,0.564614,S13 in-pipeline
Y3 lean_grouped,R1,0,0,spatial,0.36079,0.416974,0.181127,0.564614,S13 in-pipeline
Y3 lean_grouped,R1,0,0,spectral,0.0747106,0.416974,0.181127,0.564614,S13 in-pipeline
Y3 lean_grouped,R1,1,0,embedding,0.333623,0.420859,0.189951,0.558945,S13 in-pipeline
Y3 lean_grouped,R1,1,0,spatial,0.346843,0.420859,0.189951,0.558945,S13 in-pipeline
Y3 lean_grouped,R1,1,0,spectral,0.0634546,0.420859,0.189951,0.558945,S13 in-pipeline
