index,Wavelength (nm)
1,383.222222
2,385.583333
3,388.027778
4,390.472222
5,392.916667
6,395.361111
7,397.805556
8,400.250000
9,402.694444
10,405.138889
11,407.583333
12,410.027778
13,412.472222
14,414.916667
15,417.361111
16,419.805556
17,422.250000
18,424.694444
19,427.138889
20,429.583333
21,432.027778
22,434.472222
23,436.916667
24,439.361111
25,441.805556
26,444.250000
27,446.694444
28,449.138889
29,451.583333
30,454.027778
31,456.472222
32,458.916667
33,461.361111
34,463.805556
35,466.250000
36,468.694444
37,471.138889
38,473.583333
39,476.027778
40,478.472222
41,480.916667
42,483.361111
43,485.805556
44,488.250000
45,490.694444
46,493.138889
47,495.583333
48,498.027778
49,500.472222
50,502.916667
51,505.361111
52,507.805556
53,510.250000
54,512.694444
55,515.138889
56,517.583333
57,520.027778
58,522.472222
59,524.916667
60,527.361111
61,529.805556
62,532.250000
63,534.694444
64,537.138889
65,539.583333
66,542.027778
67,544.472222
68,546.916667
69,549.361111
70,551.805556
71,554.250000
72,556.694444
73,559.138889
74,561.583333
75,564.027778
76,566.472222
77,568.916667
78,571.361111
79,573.805556
80,576.250000
81,578.694444
82,581.138889
83,583.583333
84,586.027778
85,588.472222
86,590.916667
87,593.361111
88,595.805556
89,598.250000
90,600.694444
91,603.138889
92,605.583333
134,708.250000
135,710.694444
136,713.138889
137,715.583333
138,718.027778
139,720.472222
140,722.916667
141,725.361111
142,727.805556
143,730.250000
144,732.694444
145,735.138889
146,737.583333
147,740.027778
148,742.472222
149,744.916667
150,747.361111
151,749.805556
152,752.250000
153,754.694444
154,757.138889
155,759.583333
156,762.027778
157,764.472222
158,766.916667
159,769.361111
160,771.805556
161,774.250000
162,776.694444
163,779.138889
164,781.583333
165,784.027778
166,786.472222
167,788.916667
168,791.361111
169,793.805556
170,796.250000
171,798.694444
172,801.138889
173,803.583333
174,806.027778
175,808.472222
176,810.916667
177,813.361111
178,815.805556
179,818.250000
180,820.694444
181,823.138889
182,825.583333
183,828.027778
184,830.472222
185,832.916667
186,835.361111
187,837.805556
188,840.250000
189,842.694444
190,845.138889
191,847.583333
192,850.027778
193,852.472222
194,854.916667
195,857.361111
196,859.805556
197,862.250000
198,864.694444
199,867.138889
200,869.583333
201,872.027778
202,874.472222
203,876.916667
204,879.361111
205,881.805556
206,884.250000
207,886.694444
208,889.138889
209,891.583333
210,894.027778
211,896.472222
212,898.916667
213,901.361111
214,903.805556
215,906.250000
216,908.694444
217,911.138889
218,913.583333
219,916.027778
220,918.472222
221,920.916667
222,923.361111
223,925.805556
224,928.250000
225,930.694444
226,933.138889
227,935.583333
228,938.027778
229,940.472222
230,942.916667
231,945.361111
232,947.805556
233,950.250000
234,952.694444
235,955.138889
236,957.583333
237,960.027778
238,962.472222
239,964.916667
240,967.361111
241,969.805556
242,972.250000
243,974.694444
244,977.138889
245,979.583333
246,982.027778
247,984.472222
248,986.916667
249,989.361111
250,991.805556
251,994.250000
252,996.694444
253,999.138889
254,1001.583334
255,1004.027778
256,1006.472223
