arm,protocol,n,clean_train,calib_acc,same_recall,cross_recall,heldout_f1,gap_memorisation,gap_bundle,gap_session
S08 shipped,grouped,6,0.900288,0.714286,0.648415,0.152056,0.530033,0.186002,0.0658712,0.496358
S08 shipped,stratified,6,0.911111,0.719647,0.730493,,0.712368,0.191464,-0.010846,
X1,grouped,6,0.98,0.714021,0.648493,0.146637,0.530787,0.265979,0.0655282,0.501856
X1,stratified,3,0.992333,0.723326,0.728488,,0.726984,0.269007,-0.00516167,
X2 no_morph,grouped,4,0.83875,0.655953,0.599801,0.143811,0.490321,0.182797,0.056151,0.45599
X2 spatial_only,grouped,3,0.737667,0.615873,0.560251,0.125082,0.449055,0.121794,0.055622,0.435169
X2 spectral_only,grouped,4,0.744,0.538492,0.501418,0.213643,0.43052,0.205508,0.037074,0.287775
X4,grouped,1,1,0.596825,0.542076,0.177941,0.443084,0.403175,0.054749,0.364135
X4,stratified,1,0.893,0.643488,0.562388,,0.552982,0.249512,0.0811,
