cls,recall_s08,recall_x1,delta,cross
0,0.326389,0.3125,-0.0138889,False
1,0.809028,0.722222,-0.0868056,False
2,0.704861,0.697917,-0.00694444,False
3,0.892361,0.892361,0,False
4,0.0173611,0.0138889,-0.00347222,True
5,0.890499,0.872142,-0.0183575,False
6,0.652778,0.652778,0,False
7,0,0,0,True
8,0.743056,0.704861,-0.0381944,False
9,0.611111,0.604167,-0.00694444,False
10,0.201389,0.190972,-0.0104167,False
11,0.503472,0.381944,-0.121528,False
12,0,0,0,True
13,0.715278,0.739583,0.0243056,False
14,0.656176,0.708777,0.0526005,False
15,0.940972,0.954861,0.0138889,False
16,0.677083,0.652778,-0.0243056,False
17,0.600694,0.565972,-0.0347222,False
18,0.690972,0.652778,-0.0381944,False
19,0.548611,0.541667,-0.00694444,False
20,0.461806,0.513889,0.0520833,False
21,0.725694,0.770833,0.0451389,False
22,0.390509,0.385185,-0.00532407,True
23,0.694444,0.607639,-0.0868056,False
24,0.763889,0.78125,0.0173611,False
25,0.427083,0.513889,0.0868056,False
26,0.993056,0.972222,-0.0208333,False
27,0.524306,0.527778,0.00347222,False
28,0.965278,0.965278,0,False
29,0.829861,0.871528,0.0416667,False
30,0.458333,0.444444,-0.0138889,False
31,0.944444,0.944444,0,False
32,0.670139,0.618056,-0.0520833,False
33,0.649306,0.625,-0.0243056,False
34,0.541667,0.597222,0.0555556,False
35,0.965278,0.965278,1.11022e-16,False
36,0.836806,0.8125,-0.0243056,False
37,0.291667,0.263889,-0.0277778,False
38,0,0,0,True
39,0.482639,0.510417,0.0277778,False
40,0.628472,0.597222,-0.03125,False
41,0.295139,0.28125,-0.0138889,False
42,0.371528,0.322917,-0.0486111,False
43,0.378472,0.423611,0.0451389,False
44,0.538194,0.600694,0.0625,False
45,0,0,0,True
46,0.315972,0.298611,-0.0173611,False
47,0.934028,0.878472,-0.0555556,False
48,0.930556,0.916667,-0.0138889,False
49,0.0798611,0.145833,0.0659722,False
50,0.954861,0.954861,-1.11022e-16,False
51,0.0833333,0.0798611,-0.00347222,False
52,0.0625,0.0798611,0.0173611,False
53,0.952899,0.905797,-0.0471014,False
54,0.690972,0.670139,-0.0208333,False
55,0.482639,0.621528,0.138889,False
56,0.715278,0.680556,-0.0347222,False
57,0.786232,0.735507,-0.0507246,False
58,0.722222,0.75,0.0277778,False
59,0.121528,0.111111,-0.0104167,True
60,0.399306,0.395833,-0.00347222,True
61,0.149306,0.163194,0.0138889,True
62,0.708333,0.704861,-0.00347222,False
63,0.0347222,0.0381944,0.00347222,True
64,0.3125,0.329861,0.0173611,True
65,0.09375,0.0763889,-0.0173611,True
66,0.0520833,0.0416667,-0.0104167,True
67,0.954861,0.958333,0.00347222,False
68,0.829861,0.819444,-0.0104167,False
69,0.34375,0.329861,-0.0138889,False
70,0.0347222,0.0347222,0,True
71,0.0659722,0.03125,-0.0347222,True
72,0.809028,0.8125,0.00347222,False
73,0.322917,0.385417,0.0625,False
74,0.96875,0.947917,-0.0208333,False
75,0.899306,0.871528,-0.0277778,False
76,0.75,0.802083,0.0520833,False
77,0.701389,0.746528,0.0451389,False
78,0.913194,0.871528,-0.0416667,True
79,0,0,0,True
80,0.53125,0.569444,0.0381944,False
81,0.576238,0.683726,0.107488,False
82,0.746528,0.638889,-0.107639,False
83,0.743056,0.732639,-0.0104167,False
84,0.440972,0.4375,-0.00347222,False
85,0.913194,0.881944,-0.03125,False
86,0.475694,0.5625,0.0868056,False
87,0.854167,0.895833,0.0416667,False
88,0.6875,0.684028,-0.00347222,False
89,0.763889,0.777778,0.0138889,False
